Timestamp local time Denmark;Production MWh
01-10-2019 00:15;0,93455
01-10-2019 00:30;0,92966
01-10-2019 00:45;0,75281
01-10-2019 01:00;0,82107
01-10-2019 01:15;0,95024
01-10-2019 01:30;0,99123
01-10-2019 01:45;1,0015
01-10-2019 02:00;0,9648
01-10-2019 02:15;0,90309
01-10-2019 02:30;1,00109
01-10-2019 02:45;0,83857
01-10-2019 03:00;0,88467
01-10-2019 03:15;0,73047
01-10-2019 03:30;0,70324
01-10-2019 03:45;0,77926
01-10-2019 04:00;0,65933
01-10-2019 04:15;0,67926
01-10-2019 04:30;0,53924
01-10-2019 04:45;0,54321
01-10-2019 05:00;0,53589
01-10-2019 05:15;0,46963
01-10-2019 05:30;0,35816
01-10-2019 05:45;0,36593
01-10-2019 06:00;0,30766
01-10-2019 06:15;0,26346
01-10-2019 06:30;0,21145
01-10-2019 06:45;0,21496
01-10-2019 07:00;0,18198
01-10-2019 07:15;0,17171
01-10-2019 07:30;0,12264
01-10-2019 07:45;0,07654
01-10-2019 08:00;0,05741
01-10-2019 08:15;0,00122
01-10-2019 08:30;0
01-10-2019 08:45;0
01-10-2019 09:00;0
01-10-2019 09:15;0
01-10-2019 09:30;0
01-10-2019 09:45;0
01-10-2019 10:00;0
01-10-2019 10:15;0
01-10-2019 10:30;0
01-10-2019 10:45;0,00008
01-10-2019 11:00;0,03223
01-10-2019 11:15;0,15127
01-10-2019 11:30;0,32342
01-10-2019 11:45;0,30312
01-10-2019 12:00;0,28731
01-10-2019 12:15;0,32102
01-10-2019 12:30;0,40378
01-10-2019 12:45;0,40088
01-10-2019 13:00;0,39853
01-10-2019 13:15;0,39795
01-10-2019 13:30;0,3363
01-10-2019 13:45;0,3975
01-10-2019 14:00;0,31431
01-10-2019 14:15;0,20924
01-10-2019 14:30;0,23859
01-10-2019 14:45;0,1941
01-10-2019 15:00;0,21074
01-10-2019 15:15;0,21777
01-10-2019 15:30;0,15807
01-10-2019 15:45;0,11659
01-10-2019 16:00;0,08244
01-10-2019 16:15;0,06525
01-10-2019 16:30;0,0126
01-10-2019 16:45;0
01-10-2019 17:00;0
01-10-2019 17:15;0
01-10-2019 17:30;0
01-10-2019 17:45;0
01-10-2019 18:00;0
01-10-2019 18:15;0
01-10-2019 18:30;0
01-10-2019 18:45;0
01-10-2019 19:00;0,00072
01-10-2019 19:15;0
01-10-2019 19:30;0,00405
01-10-2019 19:45;0,03826
01-10-2019 20:00;0,09614
01-10-2019 20:15;0,2718
01-10-2019 20:30;0,34482
01-10-2019 20:45;0,41944
01-10-2019 21:00;0,29581
01-10-2019 21:15;0,22171
01-10-2019 21:30;0,14164
01-10-2019 21:45;0,04218
01-10-2019 22:00;0,01228
01-10-2019 22:15;0
01-10-2019 22:30;0,00588
01-10-2019 22:45;0
01-10-2019 23:00;0
01-10-2019 23:15;0
01-10-2019 23:30;0
01-10-2019 23:45;0
02-10-2019 00:00;0
02-10-2019 00:15;0
02-10-2019 00:30;0
02-10-2019 00:45;0
02-10-2019 01:00;0
02-10-2019 01:15;0
02-10-2019 01:30;0
02-10-2019 01:45;0
02-10-2019 02:00;0
02-10-2019 02:15;0
02-10-2019 02:30;0
02-10-2019 02:45;0
02-10-2019 03:00;0
02-10-2019 03:15;0
02-10-2019 03:30;0
02-10-2019 03:45;0
02-10-2019 04:00;0
02-10-2019 04:15;0
02-10-2019 04:30;0
02-10-2019 04:45;0
02-10-2019 05:00;0
02-10-2019 05:15;0
02-10-2019 05:30;0
02-10-2019 05:45;0
02-10-2019 06:00;0
02-10-2019 06:15;0
02-10-2019 06:30;0
02-10-2019 06:45;0
02-10-2019 07:00;0
02-10-2019 07:15;0
02-10-2019 07:30;0
02-10-2019 07:45;0
02-10-2019 08:00;0
02-10-2019 08:15;0
02-10-2019 08:30;0
02-10-2019 08:45;0
02-10-2019 09:00;0
02-10-2019 09:15;0
02-10-2019 09:30;0
02-10-2019 09:45;0
02-10-2019 10:00;0
02-10-2019 10:15;0
02-10-2019 10:30;0
02-10-2019 10:45;0
02-10-2019 11:00;0
02-10-2019 11:15;0
02-10-2019 11:30;0
02-10-2019 11:45;0
02-10-2019 12:00;0
02-10-2019 12:15;0,00066
02-10-2019 12:30;0,00024
02-10-2019 12:45;0,0029
02-10-2019 13:00;0,02136
02-10-2019 13:15;0,02547
02-10-2019 13:30;0,04894
02-10-2019 13:45;0,15518
02-10-2019 14:00;0,0813
02-10-2019 14:15;0,28263
02-10-2019 14:30;0,20532
02-10-2019 14:45;0,01995
02-10-2019 15:00;0,03946
02-10-2019 15:15;0,02499
02-10-2019 15:30;0,00698
02-10-2019 15:45;0
02-10-2019 16:00;0,0025
02-10-2019 16:15;0,07105
02-10-2019 16:30;0,13387
02-10-2019 16:45;0,06429
02-10-2019 17:00;0,00149
02-10-2019 17:15;0,00238
02-10-2019 17:30;0,03383
02-10-2019 17:45;0,03704
02-10-2019 18:00;0,00388
02-10-2019 18:15;0,0076
02-10-2019 18:30;0,01342
02-10-2019 18:45;0
02-10-2019 19:00;0
02-10-2019 19:15;0
02-10-2019 19:30;0
02-10-2019 19:45;0
02-10-2019 20:00;0,05343
02-10-2019 20:15;0,12068
02-10-2019 20:30;0,14544
02-10-2019 20:45;0,15247
02-10-2019 21:00;0,15264
02-10-2019 21:15;0,22768
02-10-2019 21:30;0,38859
02-10-2019 21:45;0,30822
02-10-2019 22:00;0,04297
02-10-2019 22:15;0,07271
02-10-2019 22:30;0,05117
02-10-2019 22:45;0,08349
02-10-2019 23:00;0,13399
02-10-2019 23:15;0,10771
02-10-2019 23:30;0,21198
02-10-2019 23:45;0,15981
03-10-2019 00:00;0,25179
03-10-2019 00:15;0,11024
03-10-2019 00:30;0,02232
03-10-2019 00:45;0,01172
03-10-2019 01:00;0
03-10-2019 01:15;0,0007
03-10-2019 01:30;0,08828
03-10-2019 01:45;0,20809
03-10-2019 02:00;0,24059
03-10-2019 02:15;0,11031
03-10-2019 02:30;0,16446
03-10-2019 02:45;1,27669
03-10-2019 03:00;2,83251
03-10-2019 03:15;4,41948
03-10-2019 03:30;3,31089
03-10-2019 03:45;3,02461
03-10-2019 04:00;1,67885
03-10-2019 04:15;0,49205
03-10-2019 04:30;0,1363
03-10-2019 04:45;0,53229
03-10-2019 05:00;0,50375
03-10-2019 05:15;0,77717
03-10-2019 05:30;1,54148
03-10-2019 05:45;1,474
03-10-2019 06:00;1,60522
03-10-2019 06:15;1,44113
03-10-2019 06:30;1,0129
03-10-2019 06:45;1,32404
03-10-2019 07:00;0,8635
03-10-2019 07:15;0,85326
03-10-2019 07:30;0,72177
03-10-2019 07:45;0,73433
03-10-2019 08:00;0,78941
03-10-2019 08:15;0,77999
03-10-2019 08:30;0,74554
03-10-2019 08:45;0,03553
03-10-2019 09:00;0,02845
03-10-2019 09:15;0,19965
03-10-2019 09:30;0,26111
03-10-2019 09:45;0,56345
03-10-2019 10:00;0,38309
03-10-2019 10:15;0,08134
03-10-2019 10:30;0,15606
03-10-2019 10:45;0,10524
03-10-2019 11:00;0,27215
03-10-2019 11:15;0,18944
03-10-2019 11:30;0,03221
03-10-2019 11:45;0,07587
03-10-2019 12:00;0,21174
03-10-2019 12:15;0,19762
03-10-2019 12:30;0,55866
03-10-2019 12:45;0,31593
03-10-2019 13:00;0,14665
03-10-2019 13:15;0,08287
03-10-2019 13:30;0,17604
03-10-2019 13:45;0,08209
03-10-2019 14:00;0,05133
03-10-2019 14:15;0,14153
03-10-2019 14:30;0,12715
03-10-2019 14:45;0,28133
03-10-2019 15:00;0,25265
03-10-2019 15:15;0,11624
03-10-2019 15:30;0,0849
03-10-2019 15:45;0,2068
03-10-2019 16:00;0,3683
03-10-2019 16:15;0,33861
03-10-2019 16:30;0,44882
03-10-2019 16:45;0,47088
03-10-2019 17:00;0,43163
03-10-2019 17:15;0,59302
03-10-2019 17:30;0,67979
03-10-2019 17:45;1,5137
03-10-2019 18:00;2,15702
03-10-2019 18:15;1,48519
03-10-2019 18:30;1,34193
03-10-2019 18:45;0,68771
03-10-2019 19:00;0,42077
03-10-2019 19:15;0,34905
03-10-2019 19:30;0,70091
03-10-2019 19:45;0,84085
03-10-2019 20:00;0,79313
03-10-2019 20:15;0,72131
03-10-2019 20:30;0,98376
03-10-2019 20:45;1,33155
03-10-2019 21:00;1,6236
03-10-2019 21:15;1,06515
03-10-2019 21:30;1,46891
03-10-2019 21:45;1,02055
03-10-2019 22:00;1,0195
03-10-2019 22:15;1,11209
03-10-2019 22:30;1,84647
03-10-2019 22:45;2,19417
03-10-2019 23:00;2,08328
03-10-2019 23:15;1,31044
03-10-2019 23:30;1,85615
03-10-2019 23:45;2,5847
04-10-2019 00:00;1,57331
04-10-2019 00:15;1,50753
04-10-2019 00:30;1,67246
04-10-2019 00:45;1,35356
04-10-2019 01:00;1,77431
04-10-2019 01:15;1,54694
04-10-2019 01:30;1,78027
04-10-2019 01:45;1,76198
04-10-2019 02:00;2,27776
04-10-2019 02:15;2,1782
04-10-2019 02:30;2,69156
04-10-2019 02:45;2,97143
04-10-2019 03:00;2,68611
04-10-2019 03:15;2,99382
04-10-2019 03:30;3,80902
04-10-2019 03:45;3,77465
04-10-2019 04:00;3,05872
04-10-2019 04:15;2,68074
04-10-2019 04:30;2,73283
04-10-2019 04:45;1,87761
04-10-2019 05:00;1,77081
04-10-2019 05:15;2,46224
04-10-2019 05:30;3,01885
04-10-2019 05:45;3,2801
04-10-2019 06:00;2,6128
04-10-2019 06:15;2,79455
04-10-2019 06:30;2,59702
04-10-2019 06:45;2,87426
04-10-2019 07:00;3,26932
04-10-2019 07:15;3,01477
04-10-2019 07:30;2,21222
04-10-2019 07:45;1,44928
04-10-2019 08:00;1,95528
04-10-2019 08:15;2,67475
04-10-2019 08:30;2,4215
04-10-2019 08:45;2,31738
04-10-2019 09:00;2,09012
04-10-2019 09:15;2,06708
04-10-2019 09:30;2,45507
04-10-2019 09:45;2,89252
04-10-2019 10:00;3,03224
04-10-2019 10:15;2,96095
04-10-2019 10:30;3,11178
04-10-2019 10:45;2,42516
04-10-2019 11:00;2,59322
04-10-2019 11:15;3,31146
04-10-2019 11:30;2,21045
04-10-2019 11:45;2,56983
04-10-2019 12:00;2,38764
04-10-2019 12:15;1,91999
04-10-2019 12:30;3,17987
04-10-2019 12:45;2,70403
04-10-2019 13:00;2,54913
04-10-2019 13:15;2,78718
04-10-2019 13:30;1,62847
04-10-2019 13:45;2,35175
04-10-2019 14:00;2,13687
04-10-2019 14:15;2,20878
04-10-2019 14:30;2,66185
04-10-2019 14:45;2,38779
04-10-2019 15:00;2,83545
04-10-2019 15:15;2,35075
04-10-2019 15:30;2,04239
04-10-2019 15:45;2,26412
04-10-2019 16:00;2,62742
04-10-2019 16:15;2,42991
04-10-2019 16:30;2,55181
04-10-2019 16:45;1,83266
04-10-2019 17:00;1,97842
04-10-2019 17:15;1,72259
04-10-2019 17:30;1,73585
04-10-2019 17:45;1,67444
04-10-2019 18:00;2,30694
04-10-2019 18:15;1,96459
04-10-2019 18:30;1,87616
04-10-2019 18:45;1,628
04-10-2019 19:00;1,59279
04-10-2019 19:15;1,49938
04-10-2019 19:30;1,63756
04-10-2019 19:45;1,93779
04-10-2019 20:00;2,85987
04-10-2019 20:15;3,50353
04-10-2019 20:30;4,36853
04-10-2019 20:45;4,04752
04-10-2019 21:00;3,49988
04-10-2019 21:15;2,70925
04-10-2019 21:30;2,74361
04-10-2019 21:45;2,20247
04-10-2019 22:00;2,26933
04-10-2019 22:15;2,94874
04-10-2019 22:30;3,29649
04-10-2019 22:45;2,45614
04-10-2019 23:00;2,28248
04-10-2019 23:15;2,69756
04-10-2019 23:30;3,16314
04-10-2019 23:45;3,55395
05-10-2019 00:00;3,36205
05-10-2019 00:15;3,47505
05-10-2019 00:30;2,9868
05-10-2019 00:45;3,16216
05-10-2019 01:00;2,82965
05-10-2019 01:15;2,42294
05-10-2019 01:30;2,14345
05-10-2019 01:45;2,41945
05-10-2019 02:00;2,18931
05-10-2019 02:15;1,87519
05-10-2019 02:30;1,16079
05-10-2019 02:45;1,15639
05-10-2019 03:00;1,12591
05-10-2019 03:15;1,00351
05-10-2019 03:30;0,98863
05-10-2019 03:45;1,36386
05-10-2019 04:00;1,32127
05-10-2019 04:15;1,37572
05-10-2019 04:30;1,86237
05-10-2019 04:45;2,40393
05-10-2019 05:00;2,72527
05-10-2019 05:15;2,56464
05-10-2019 05:30;2,40593
05-10-2019 05:45;2,14204
05-10-2019 06:00;1,83873
05-10-2019 06:15;1,27229
05-10-2019 06:30;1,20676
05-10-2019 06:45;1,17674
05-10-2019 07:00;1,14406
05-10-2019 07:15;1,07586
05-10-2019 07:30;1,14083
05-10-2019 07:45;0,75821
05-10-2019 08:00;0,69603
05-10-2019 08:15;0,44974
05-10-2019 08:30;0,30838
05-10-2019 08:45;0,28555
05-10-2019 09:00;0,2276
05-10-2019 09:15;0,30376
05-10-2019 09:30;0,56461
05-10-2019 09:45;0,97492
05-10-2019 10:00;0,63561
05-10-2019 10:15;0,6175
05-10-2019 10:30;0,87092
05-10-2019 10:45;0,80086
05-10-2019 11:00;0,7856
05-10-2019 11:15;0,72763
05-10-2019 11:30;0,39276
05-10-2019 11:45;0,2301
05-10-2019 12:00;0,40162
05-10-2019 12:15;0,78378
05-10-2019 12:30;0,6411
05-10-2019 12:45;0,44136
05-10-2019 13:00;0,23591
05-10-2019 13:15;0,27168
05-10-2019 13:30;0,40475
05-10-2019 13:45;0,27051
05-10-2019 14:00;0,18584
05-10-2019 14:15;0,2127
05-10-2019 14:30;0,32316
05-10-2019 14:45;0,66141
05-10-2019 15:00;1,06571
05-10-2019 15:15;1,18139
05-10-2019 15:30;1,35049
05-10-2019 15:45;1,66158
05-10-2019 16:00;1,78975
05-10-2019 16:15;1,67004
05-10-2019 16:30;1,46328
05-10-2019 16:45;0,84289
05-10-2019 17:00;0,76974
05-10-2019 17:15;0,95574
05-10-2019 17:30;0,93958
05-10-2019 17:45;1,07618
05-10-2019 18:00;1,19162
05-10-2019 18:15;0,69758
05-10-2019 18:30;0,8241
05-10-2019 18:45;1,00473
05-10-2019 19:00;0,91592
05-10-2019 19:15;1,31317
05-10-2019 19:30;1,56175
05-10-2019 19:45;2,15898
05-10-2019 20:00;2,118
05-10-2019 20:15;1,84707
05-10-2019 20:30;1,99412
05-10-2019 20:45;1,72014
05-10-2019 21:00;1,81759
05-10-2019 21:15;1,62136
05-10-2019 21:30;1,93867
05-10-2019 21:45;1,92124
05-10-2019 22:00;1,46655
05-10-2019 22:15;1,52859
05-10-2019 22:30;1,47751
05-10-2019 22:45;1,88898
05-10-2019 23:00;2,50948
05-10-2019 23:15;2,41907
05-10-2019 23:30;2,1589
05-10-2019 23:45;1,70773
06-10-2019 00:00;1,47989
06-10-2019 00:15;1,31131
06-10-2019 00:30;1,28339
06-10-2019 00:45;0,88009
06-10-2019 01:00;0,72539
06-10-2019 01:15;0,44614
06-10-2019 01:30;0,3667
06-10-2019 01:45;0,3443
06-10-2019 02:00;0,39893
06-10-2019 02:15;0,60331
06-10-2019 02:30;0,46679
06-10-2019 02:45;0,52538
06-10-2019 03:00;0,81355
06-10-2019 03:15;0,90976
06-10-2019 03:30;0,94642
06-10-2019 03:45;0,85114
06-10-2019 04:00;0,68797
06-10-2019 04:15;0,56057
06-10-2019 04:30;0,19318
06-10-2019 04:45;0,11244
06-10-2019 05:00;0,02101
06-10-2019 05:15;0,04929
06-10-2019 05:30;0,0586
06-10-2019 05:45;0,14102
06-10-2019 06:00;0,14164
06-10-2019 06:15;0,06876
06-10-2019 06:30;0,00455
06-10-2019 06:45;0
06-10-2019 07:00;0,0028
06-10-2019 07:15;0
06-10-2019 07:30;0,00642
06-10-2019 07:45;0,00252
06-10-2019 08:00;0,00005
06-10-2019 08:15;0,00052
06-10-2019 08:30;0
06-10-2019 08:45;0
06-10-2019 09:00;0
06-10-2019 09:15;0
06-10-2019 09:30;0
06-10-2019 09:45;0
06-10-2019 10:00;0
06-10-2019 10:15;0
06-10-2019 10:30;0
06-10-2019 10:45;0
06-10-2019 11:00;0
06-10-2019 11:15;0,06757
06-10-2019 11:30;0,06178
06-10-2019 11:45;0
06-10-2019 12:00;0
06-10-2019 12:15;0
06-10-2019 12:30;0
06-10-2019 12:45;0
06-10-2019 13:00;0
06-10-2019 13:15;0,02774
06-10-2019 13:30;0,14759
06-10-2019 13:45;0,23291
06-10-2019 14:00;0,14935
06-10-2019 14:15;0,34003
06-10-2019 14:30;0,41443
06-10-2019 14:45;0,52611
06-10-2019 15:00;0,67977
06-10-2019 15:15;0,88025
06-10-2019 15:30;0,65336
06-10-2019 15:45;1,00629
06-10-2019 16:00;0,98643
06-10-2019 16:15;1,15852
06-10-2019 16:30;1,48447
06-10-2019 16:45;1,33977
06-10-2019 17:00;1,03029
06-10-2019 17:15;1,26115
06-10-2019 17:30;1,20358
06-10-2019 17:45;1,57467
06-10-2019 18:00;1,39307
06-10-2019 18:15;0,75876
06-10-2019 18:30;0,84812
06-10-2019 18:45;0,73008
06-10-2019 19:00;0,95894
06-10-2019 19:15;1,16455
06-10-2019 19:30;1,60233
06-10-2019 19:45;2,0398
06-10-2019 20:00;1,44735
06-10-2019 20:15;1,38985
06-10-2019 20:30;1,29949
06-10-2019 20:45;1,07697
06-10-2019 21:00;0,29015
06-10-2019 21:15;0,32495
06-10-2019 21:30;0,4519
06-10-2019 21:45;0,25734
06-10-2019 22:00;0,15823
06-10-2019 22:15;0,08231
06-10-2019 22:30;0,06535
06-10-2019 22:45;0,197
06-10-2019 23:00;0,47477
06-10-2019 23:15;0,32479
06-10-2019 23:30;0,14897
06-10-2019 23:45;0,1909
07-10-2019 00:00;0,49614
07-10-2019 00:15;0,65562
07-10-2019 00:30;0,36936
07-10-2019 00:45;0,29136
07-10-2019 01:00;0,29791
07-10-2019 01:15;0,15204
07-10-2019 01:30;0,30577
07-10-2019 01:45;0,57006
07-10-2019 02:00;0,38618
07-10-2019 02:15;0,55635
07-10-2019 02:30;0,43352
07-10-2019 02:45;0,21556
07-10-2019 03:00;0,18772
07-10-2019 03:15;0,38063
07-10-2019 03:30;0,21034
07-10-2019 03:45;0,26028
07-10-2019 04:00;0,19208
07-10-2019 04:15;0,36228
07-10-2019 04:30;0,2261
07-10-2019 04:45;0,22178
07-10-2019 05:00;0,20908
07-10-2019 05:15;0,22808
07-10-2019 05:30;0,08071
07-10-2019 05:45;0,00418
07-10-2019 06:00;0,00429
07-10-2019 06:15;0,00097
07-10-2019 06:30;0
07-10-2019 06:45;0
07-10-2019 07:00;0,03309
07-10-2019 07:15;0,15819
07-10-2019 07:30;0,33289
07-10-2019 07:45;0,53831
07-10-2019 08:00;0,53848
07-10-2019 08:15;0,30619
07-10-2019 08:30;0,20294
07-10-2019 08:45;0,24413
07-10-2019 09:00;0,322
07-10-2019 09:15;0,22831
07-10-2019 09:30;0,13878
07-10-2019 09:45;0,03019
07-10-2019 10:00;0,02046
07-10-2019 10:15;0,19109
07-10-2019 10:30;0,17855
07-10-2019 10:45;0,04873
07-10-2019 11:00;0,03477
07-10-2019 11:15;0,07243
07-10-2019 11:30;0
07-10-2019 11:45;0
07-10-2019 12:00;0
07-10-2019 12:15;0
07-10-2019 12:30;0,00948
07-10-2019 12:45;0
07-10-2019 13:00;0
07-10-2019 13:15;0
07-10-2019 13:30;0
07-10-2019 13:45;0
07-10-2019 14:00;0
07-10-2019 14:15;0,00008
07-10-2019 14:30;0
07-10-2019 14:45;0
07-10-2019 15:00;0,00436
07-10-2019 15:15;0,00416
07-10-2019 15:30;0,01918
07-10-2019 15:45;0,00314
07-10-2019 16:00;0,01907
07-10-2019 16:15;0
07-10-2019 16:30;0
07-10-2019 16:45;0
07-10-2019 17:00;0,05343
07-10-2019 17:15;0,19574
07-10-2019 17:30;0,01584
07-10-2019 17:45;0
07-10-2019 18:00;0
07-10-2019 18:15;0
07-10-2019 18:30;0
07-10-2019 18:45;0
07-10-2019 19:00;0
07-10-2019 19:15;0,00539
07-10-2019 19:30;0
07-10-2019 19:45;0
07-10-2019 20:00;0
07-10-2019 20:15;0
07-10-2019 20:30;0,03168
07-10-2019 20:45;0,06348
07-10-2019 21:00;0,04464
07-10-2019 21:15;0,03522
07-10-2019 21:30;0,01484
07-10-2019 21:45;0,08155
07-10-2019 22:00;0,29587
07-10-2019 22:15;0,37316
07-10-2019 22:30;0,53039
07-10-2019 22:45;0,50663
07-10-2019 23:00;0,34766
07-10-2019 23:15;0,499
07-10-2019 23:30;0,6149
07-10-2019 23:45;0,57075
08-10-2019 00:00;0,13683
08-10-2019 00:15;0,04266
08-10-2019 00:30;0,07085
08-10-2019 00:45;0,19996
08-10-2019 01:00;0,27018
08-10-2019 01:15;0,44398
08-10-2019 01:30;0,66957
08-10-2019 01:45;0,88504
08-10-2019 02:00;0,9388
08-10-2019 02:15;1,04225
08-10-2019 02:30;1,06204
08-10-2019 02:45;1,05668
08-10-2019 03:00;0,99588
08-10-2019 03:15;0,64861
08-10-2019 03:30;0,70617
08-10-2019 03:45;1,19159
08-10-2019 04:00;0,93104
08-10-2019 04:15;0,91988
08-10-2019 04:30;0,73691
08-10-2019 04:45;0,68793
08-10-2019 05:00;0,80372
08-10-2019 05:15;0,92737
08-10-2019 05:30;1,01205
08-10-2019 05:45;1,46715
08-10-2019 06:00;1,18558
08-10-2019 06:15;1,23791
08-10-2019 06:30;1,15392
08-10-2019 06:45;0,83878
08-10-2019 07:00;0,73915
08-10-2019 07:15;1,01987
08-10-2019 07:30;0,88517
08-10-2019 07:45;0,69398
08-10-2019 08:00;0,76349
08-10-2019 08:15;0,70466
08-10-2019 08:30;0,82155
08-10-2019 08:45;0,80203
08-10-2019 09:00;0,88436
08-10-2019 09:15;1,0613
08-10-2019 09:30;1,29026
08-10-2019 09:45;1,46448
08-10-2019 10:00;1,49416
08-10-2019 10:15;1,4882
08-10-2019 10:30;1,48853
08-10-2019 10:45;2,19803
08-10-2019 11:00;2,03693
08-10-2019 11:15;1,3784
08-10-2019 11:30;1,459
08-10-2019 11:45;1,75495
08-10-2019 12:00;1,48047
08-10-2019 12:15;1,34716
08-10-2019 12:30;1,40638
08-10-2019 12:45;1,37447
08-10-2019 13:00;1,10792
08-10-2019 13:15;1,0543
08-10-2019 13:30;1,16617
08-10-2019 13:45;0,94704
08-10-2019 14:00;0,77495
08-10-2019 14:15;0,9936
08-10-2019 14:30;0,57033
08-10-2019 14:45;0,4718
08-10-2019 15:00;0,5886
08-10-2019 15:15;0,5021
08-10-2019 15:30;0,43579
08-10-2019 15:45;0,478
08-10-2019 16:00;0,45469
08-10-2019 16:15;0,36404
08-10-2019 16:30;0,36448
08-10-2019 16:45;0,16695
08-10-2019 17:00;0,15352
08-10-2019 17:15;0,16976
08-10-2019 17:30;0,15878
08-10-2019 17:45;0,03949
08-10-2019 18:00;0,04551
08-10-2019 18:15;0,0182
08-10-2019 18:30;0
08-10-2019 18:45;0
08-10-2019 19:00;0
08-10-2019 19:15;0
08-10-2019 19:30;0
08-10-2019 19:45;0,01411
08-10-2019 20:00;0,0444
08-10-2019 20:15;0,17636
08-10-2019 20:30;0,29355
08-10-2019 20:45;0,33301
08-10-2019 21:00;0,32772
08-10-2019 21:15;0,37777
08-10-2019 21:30;0,37197
08-10-2019 21:45;0,25949
08-10-2019 22:00;0,29583
08-10-2019 22:15;0,28454
08-10-2019 22:30;0,25236
08-10-2019 22:45;0,30742
08-10-2019 23:00;0,38687
08-10-2019 23:15;0,38744
08-10-2019 23:30;0,35722
08-10-2019 23:45;0,29423
09-10-2019 00:00;0,56812
09-10-2019 00:15;0,64169
09-10-2019 00:30;0,72487
09-10-2019 00:45;0,69024
09-10-2019 01:00;0,80495
09-10-2019 01:15;0,68495
09-10-2019 01:30;0,87194
09-10-2019 01:45;0,68253
09-10-2019 02:00;0,49569
09-10-2019 02:15;0,28514
09-10-2019 02:30;0,31838
09-10-2019 02:45;0,34229
09-10-2019 03:00;0,5009
09-10-2019 03:15;0,47265
09-10-2019 03:30;0,49532
09-10-2019 03:45;0,61372
09-10-2019 04:00;0,61369
09-10-2019 04:15;0,99
09-10-2019 04:30;1,23104
09-10-2019 04:45;1,52164
09-10-2019 05:00;1,14799
09-10-2019 05:15;0,70534
09-10-2019 05:30;0,5916
09-10-2019 05:45;0,78244
09-10-2019 06:00;0,87419
09-10-2019 06:15;1,09795
09-10-2019 06:30;1,18451
09-10-2019 06:45;0,89501
09-10-2019 07:00;1,2211
09-10-2019 07:15;0,78556
09-10-2019 07:30;0,66313
09-10-2019 07:45;0,8179
09-10-2019 08:00;0,69172
09-10-2019 08:15;1,07168
09-10-2019 08:30;1,34696
09-10-2019 08:45;1,40316
09-10-2019 09:00;1,38617
09-10-2019 09:15;1,41611
09-10-2019 09:30;0,92945
09-10-2019 09:45;1,04065
09-10-2019 10:00;0,78041
09-10-2019 10:15;1,09517
09-10-2019 10:30;0,8199
09-10-2019 10:45;1,07409
09-10-2019 11:00;1,09844
09-10-2019 11:15;0,84416
09-10-2019 11:30;0,79232
09-10-2019 11:45;0,58715
09-10-2019 12:00;0,78163
09-10-2019 12:15;0,53886
09-10-2019 12:30;1,31307
09-10-2019 12:45;1,47465
09-10-2019 13:00;1,31365
09-10-2019 13:15;1,37213
09-10-2019 13:30;1,20536
09-10-2019 13:45;0,81764
09-10-2019 14:00;0,84147
09-10-2019 14:15;0,6973
09-10-2019 14:30;0,36625
09-10-2019 14:45;0,35191
09-10-2019 15:00;0,31319
09-10-2019 15:15;0,23848
09-10-2019 15:30;0,27369
09-10-2019 15:45;0,33348
09-10-2019 16:00;0,39516
09-10-2019 16:15;0,37544
09-10-2019 16:30;0,71143
09-10-2019 16:45;1,17784
09-10-2019 17:00;1,33643
09-10-2019 17:15;1,00943
09-10-2019 17:30;1,14721
09-10-2019 17:45;0,9641
09-10-2019 18:00;1,01008
09-10-2019 18:15;1,16933
09-10-2019 18:30;1,48665
09-10-2019 18:45;1,25263
09-10-2019 19:00;1,6083
09-10-2019 19:15;1,77888
09-10-2019 19:30;2,54978
09-10-2019 19:45;2,46373
09-10-2019 20:00;2,62421
09-10-2019 20:15;3,12556
09-10-2019 20:30;2,79256
09-10-2019 20:45;2,71683
09-10-2019 21:00;2,37994
09-10-2019 21:15;3,27517
09-10-2019 21:30;3,46784
09-10-2019 21:45;3,90317
09-10-2019 22:00;3,74529
09-10-2019 22:15;3,14231
09-10-2019 22:30;3,06553
09-10-2019 22:45;2,74121
09-10-2019 23:00;2,7917
09-10-2019 23:15;2,92834
09-10-2019 23:30;3,06443
09-10-2019 23:45;3,06441
10-10-2019 00:00;3,15833
10-10-2019 00:15;3,47688
10-10-2019 00:30;3,0569
10-10-2019 00:45;1,4434
10-10-2019 01:00;1,70541
10-10-2019 01:15;1,4487
10-10-2019 01:30;0,75036
10-10-2019 01:45;0,64172
10-10-2019 02:00;0,48029
10-10-2019 02:15;0,44575
10-10-2019 02:30;0,18884
10-10-2019 02:45;0,34022
10-10-2019 03:00;0,35562
10-10-2019 03:15;0,28523
10-10-2019 03:30;0,43704
10-10-2019 03:45;0,25231
10-10-2019 04:00;0,10327
10-10-2019 04:15;0,20854
10-10-2019 04:30;0,32272
10-10-2019 04:45;0,04145
10-10-2019 05:00;0,08129
10-10-2019 05:15;0,2301
10-10-2019 05:30;0,17428
10-10-2019 05:45;0,27088
10-10-2019 06:00;0,17052
10-10-2019 06:15;0,00576
10-10-2019 06:30;0,00262
10-10-2019 06:45;0
10-10-2019 07:00;0,03848
10-10-2019 07:15;0,13553
10-10-2019 07:30;0,46296
10-10-2019 07:45;0,82961
10-10-2019 08:00;0,60305
10-10-2019 08:15;0,55017
10-10-2019 08:30;0,15291
10-10-2019 08:45;0,04444
10-10-2019 09:00;0,02881
10-10-2019 09:15;0,0097
10-10-2019 09:30;0,12043
10-10-2019 09:45;0,0997
10-10-2019 10:00;0,02319
10-10-2019 10:15;0,05884
10-10-2019 10:30;0,09906
10-10-2019 10:45;0,07695
10-10-2019 11:00;0,08125
10-10-2019 11:15;0,23026
10-10-2019 11:30;0,01197
10-10-2019 11:45;0
10-10-2019 12:00;0
10-10-2019 12:15;0
10-10-2019 12:30;0
10-10-2019 12:45;0,001
10-10-2019 13:00;0,00027
10-10-2019 13:15;0,02967
10-10-2019 13:30;0,06462
10-10-2019 13:45;0,21819
10-10-2019 14:00;0,15497
10-10-2019 14:15;0,1419
10-10-2019 14:30;0,15565
10-10-2019 14:45;0,12735
10-10-2019 15:00;0,09128
10-10-2019 15:15;0,08795
10-10-2019 15:30;0,02455
10-10-2019 15:45;0,02667
10-10-2019 16:00;0,01167
10-10-2019 16:15;0,03547
10-10-2019 16:30;0,10943
10-10-2019 16:45;0,31627
10-10-2019 17:00;0,35844
10-10-2019 17:15;0,15646
10-10-2019 17:30;0,34597
10-10-2019 17:45;0,39363
10-10-2019 18:00;0,16003
10-10-2019 18:15;0,11934
10-10-2019 18:30;0,18661
10-10-2019 18:45;0,22003
10-10-2019 19:00;0,20063
10-10-2019 19:15;0,08738
10-10-2019 19:30;0,01004
10-10-2019 19:45;0,0023
10-10-2019 20:00;0,00654
10-10-2019 20:15;0,03969
10-10-2019 20:30;0,07738
10-10-2019 20:45;0,12041
10-10-2019 21:00;0,10522
10-10-2019 21:15;0,1711
10-10-2019 21:30;0,27533
10-10-2019 21:45;0,28291
10-10-2019 22:00;0,35596
10-10-2019 22:15;0,32575
10-10-2019 22:30;0,21064
10-10-2019 22:45;0,2311
10-10-2019 23:00;0,26915
10-10-2019 23:15;0,26282
10-10-2019 23:30;0,27181
10-10-2019 23:45;0,30433
11-10-2019 00:00;0,42146
11-10-2019 00:15;0,4404
11-10-2019 00:30;0,41351
11-10-2019 00:45;0,40865
11-10-2019 01:00;0,57003
11-10-2019 01:15;0,43448
11-10-2019 01:30;0,40226
11-10-2019 01:45;0,5118
11-10-2019 02:00;0,51291
11-10-2019 02:15;0,55926
11-10-2019 02:30;0,67688
11-10-2019 02:45;0,63218
11-10-2019 03:00;0,72713
11-10-2019 03:15;0,84094
11-10-2019 03:30;0,92642
11-10-2019 03:45;1,21434
11-10-2019 04:00;1,21304
11-10-2019 04:15;1,26569
11-10-2019 04:30;1,14335
11-10-2019 04:45;1,03036
11-10-2019 05:00;0,97008
11-10-2019 05:15;0,80234
11-10-2019 05:30;0,79035
11-10-2019 05:45;0,79828
11-10-2019 06:00;0,87393
11-10-2019 06:15;0,74429
11-10-2019 06:30;0,56754
11-10-2019 06:45;0,56284
11-10-2019 07:00;0,78153
11-10-2019 07:15;0,64237
11-10-2019 07:30;0,56284
11-10-2019 07:45;0,43589
11-10-2019 08:00;0,33631
11-10-2019 08:15;0,42477
11-10-2019 08:30;0,51696
11-10-2019 08:45;0,41442
11-10-2019 09:00;0,34949
11-10-2019 09:15;0,3334
11-10-2019 09:30;0,21056
11-10-2019 09:45;0,14398
11-10-2019 10:00;0,11233
11-10-2019 10:15;0,04178
11-10-2019 10:30;0
11-10-2019 10:45;0
11-10-2019 11:00;0
11-10-2019 11:15;0,00116
11-10-2019 11:30;0
11-10-2019 11:45;0
11-10-2019 12:00;0
11-10-2019 12:15;0
11-10-2019 12:30;0
11-10-2019 12:45;0
11-10-2019 13:00;0
11-10-2019 13:15;0
11-10-2019 13:30;0
11-10-2019 13:45;0
11-10-2019 14:00;0
11-10-2019 14:15;0
11-10-2019 14:30;0
11-10-2019 14:45;0
11-10-2019 15:00;0
11-10-2019 15:15;0
11-10-2019 15:30;0
11-10-2019 15:45;0
11-10-2019 16:00;0
11-10-2019 16:15;0
11-10-2019 16:30;0
11-10-2019 16:45;0
11-10-2019 17:00;0
11-10-2019 17:15;0
11-10-2019 17:30;0
11-10-2019 17:45;0
11-10-2019 18:00;0
11-10-2019 18:15;0
11-10-2019 18:30;0
11-10-2019 18:45;0
11-10-2019 19:00;0
11-10-2019 19:15;0
11-10-2019 19:30;0
11-10-2019 19:45;0
11-10-2019 20:00;0
11-10-2019 20:15;0
11-10-2019 20:30;0
11-10-2019 20:45;0
11-10-2019 21:00;0
11-10-2019 21:15;0
11-10-2019 21:30;0
11-10-2019 21:45;0
11-10-2019 22:00;0
11-10-2019 22:15;0
11-10-2019 22:30;0
11-10-2019 22:45;0
11-10-2019 23:00;0
11-10-2019 23:15;0
11-10-2019 23:30;0
11-10-2019 23:45;0
12-10-2019 00:00;0
12-10-2019 00:15;0
12-10-2019 00:30;0
12-10-2019 00:45;0
12-10-2019 01:00;0
12-10-2019 01:15;0
12-10-2019 01:30;0
12-10-2019 01:45;0
12-10-2019 02:00;0
12-10-2019 02:15;0
12-10-2019 02:30;0
12-10-2019 02:45;0
12-10-2019 03:00;0
12-10-2019 03:15;0
12-10-2019 03:30;0
12-10-2019 03:45;0
12-10-2019 04:00;0
12-10-2019 04:15;0
12-10-2019 04:30;0
12-10-2019 04:45;0
12-10-2019 05:00;0
12-10-2019 05:15;0
12-10-2019 05:30;0
12-10-2019 05:45;0
12-10-2019 06:00;0
12-10-2019 06:15;0
12-10-2019 06:30;0
12-10-2019 06:45;0,01018
12-10-2019 07:00;0,00446
12-10-2019 07:15;0,03836
12-10-2019 07:30;0,13489
12-10-2019 07:45;0,17117
12-10-2019 08:00;0,2262
12-10-2019 08:15;0,21444
12-10-2019 08:30;0,19588
12-10-2019 08:45;0,27538
12-10-2019 09:00;0,38522
12-10-2019 09:15;0,296
12-10-2019 09:30;0,24095
12-10-2019 09:45;0,23426
12-10-2019 10:00;0,21342
12-10-2019 10:15;0,23033
12-10-2019 10:30;0,2269
12-10-2019 10:45;0,16821
12-10-2019 11:00;0,06756
12-10-2019 11:15;0,05248
12-10-2019 11:30;0,06742
12-10-2019 11:45;0,05813
12-10-2019 12:00;0,06082
12-10-2019 12:15;0,09091
12-10-2019 12:30;0,14281
12-10-2019 12:45;0,19893
12-10-2019 13:00;0,2729
12-10-2019 13:15;0,2229
12-10-2019 13:30;0,12793
12-10-2019 13:45;0,12908
12-10-2019 14:00;0,1386
12-10-2019 14:15;0,21947
12-10-2019 14:30;0,12159
12-10-2019 14:45;0,01069
12-10-2019 15:00;0
12-10-2019 15:15;0
12-10-2019 15:30;0
12-10-2019 15:45;0
12-10-2019 16:00;0
12-10-2019 16:15;0
12-10-2019 16:30;0
12-10-2019 16:45;0
12-10-2019 17:00;0
12-10-2019 17:15;0
12-10-2019 17:30;0
12-10-2019 17:45;0
12-10-2019 18:00;0
12-10-2019 18:15;0
12-10-2019 18:30;0
12-10-2019 18:45;0
12-10-2019 19:00;0
12-10-2019 19:15;0
12-10-2019 19:30;0
12-10-2019 19:45;0
12-10-2019 20:00;0
12-10-2019 20:15;0
12-10-2019 20:30;0
12-10-2019 20:45;0
12-10-2019 21:00;0
12-10-2019 21:15;0
12-10-2019 21:30;0
12-10-2019 21:45;0
12-10-2019 22:00;0
12-10-2019 22:15;0
12-10-2019 22:30;0
12-10-2019 22:45;0,00924
12-10-2019 23:00;0,04242
12-10-2019 23:15;0,04879
12-10-2019 23:30;0,02074
12-10-2019 23:45;0,02394
13-10-2019 00:00;0,00131
13-10-2019 00:15;0
13-10-2019 00:30;0
13-10-2019 00:45;0
13-10-2019 01:00;0
13-10-2019 01:15;0
13-10-2019 01:30;0
13-10-2019 01:45;0
13-10-2019 02:00;0
13-10-2019 02:15;0
13-10-2019 02:30;0
13-10-2019 02:45;0
13-10-2019 03:00;0
13-10-2019 03:15;0
13-10-2019 03:30;0
13-10-2019 03:45;0
13-10-2019 04:00;0
13-10-2019 04:15;0
13-10-2019 04:30;0
13-10-2019 04:45;0
13-10-2019 05:00;0
13-10-2019 05:15;0
13-10-2019 05:30;0
13-10-2019 05:45;0
13-10-2019 06:00;0
13-10-2019 06:15;0
13-10-2019 06:30;0
13-10-2019 06:45;0
13-10-2019 07:00;0
13-10-2019 07:15;0
13-10-2019 07:30;0
13-10-2019 07:45;0
13-10-2019 08:00;0
13-10-2019 08:15;0
13-10-2019 08:30;0
13-10-2019 08:45;0
13-10-2019 09:00;0
13-10-2019 09:15;0
13-10-2019 09:30;0
13-10-2019 09:45;0
13-10-2019 10:00;0
13-10-2019 10:15;0
13-10-2019 10:30;0
13-10-2019 10:45;0
13-10-2019 11:00;0
13-10-2019 11:15;0,02213
13-10-2019 11:30;0,03882
13-10-2019 11:45;0,01868
13-10-2019 12:00;0,00465
13-10-2019 12:15;0,006
13-10-2019 12:30;0,0093
13-10-2019 12:45;0,07852
13-10-2019 13:00;0,01579
13-10-2019 13:15;0
13-10-2019 13:30;0
13-10-2019 13:45;0
13-10-2019 14:00;0
13-10-2019 14:15;0
13-10-2019 14:30;0
13-10-2019 14:45;0
13-10-2019 15:00;0
13-10-2019 15:15;0
13-10-2019 15:30;0
13-10-2019 15:45;0
13-10-2019 16:00;0
13-10-2019 16:15;0
13-10-2019 16:30;0
13-10-2019 16:45;0
13-10-2019 17:00;0
13-10-2019 17:15;0
13-10-2019 17:30;0
13-10-2019 17:45;0
13-10-2019 18:00;0
13-10-2019 18:15;0
13-10-2019 18:30;0
13-10-2019 18:45;0
13-10-2019 19:00;0
13-10-2019 19:15;0
13-10-2019 19:30;0
13-10-2019 19:45;0
13-10-2019 20:00;0
13-10-2019 20:15;0
13-10-2019 20:30;0
13-10-2019 20:45;0
13-10-2019 21:00;0
13-10-2019 21:15;0
13-10-2019 21:30;0
13-10-2019 21:45;0,0051
13-10-2019 22:00;0,02098
13-10-2019 22:15;0,05498
13-10-2019 22:30;0,04544
13-10-2019 22:45;0,05232
13-10-2019 23:00;0,07398
13-10-2019 23:15;0,07732
13-10-2019 23:30;0,07363
13-10-2019 23:45;0,04536
14-10-2019 00:00;0,07006
14-10-2019 00:15;0,0096
14-10-2019 00:30;0
14-10-2019 00:45;0
14-10-2019 01:00;0
14-10-2019 01:15;0
14-10-2019 01:30;0
14-10-2019 01:45;0
14-10-2019 02:00;0
14-10-2019 02:15;0
14-10-2019 02:30;0
14-10-2019 02:45;0
14-10-2019 03:00;0
14-10-2019 03:15;0
14-10-2019 03:30;0
14-10-2019 03:45;0
14-10-2019 04:00;0
14-10-2019 04:15;0
14-10-2019 04:30;0
14-10-2019 04:45;0
14-10-2019 05:00;0
14-10-2019 05:15;0
14-10-2019 05:30;0
14-10-2019 05:45;0
14-10-2019 06:00;0
14-10-2019 06:15;0
14-10-2019 06:30;0
14-10-2019 06:45;0
14-10-2019 07:00;0
14-10-2019 07:15;0
14-10-2019 07:30;0
14-10-2019 07:45;0
14-10-2019 08:00;0
14-10-2019 08:15;0
14-10-2019 08:30;0
14-10-2019 08:45;0
14-10-2019 09:00;0
14-10-2019 09:15;0
14-10-2019 09:30;0
14-10-2019 09:45;0,01311
14-10-2019 10:00;0,0059
14-10-2019 10:15;0,02371
14-10-2019 10:30;0,03262
14-10-2019 10:45;0,05752
14-10-2019 11:00;0,08124
14-10-2019 11:15;0,11399
14-10-2019 11:30;0,14977
14-10-2019 11:45;0,17259
14-10-2019 12:00;0,17716
14-10-2019 12:15;0,24127
14-10-2019 12:30;0,20349
14-10-2019 12:45;0,28819
14-10-2019 13:00;0,31776
14-10-2019 13:15;0,32132
14-10-2019 13:30;0,24486
14-10-2019 13:45;0,27121
14-10-2019 14:00;0,22751
14-10-2019 14:15;0,29488
14-10-2019 14:30;0,35516
14-10-2019 14:45;0,43416
14-10-2019 15:00;0,44284
14-10-2019 15:15;0,39057
14-10-2019 15:30;0,31286
14-10-2019 15:45;0,25274
14-10-2019 16:00;0,22204
14-10-2019 16:15;0,25271
14-10-2019 16:30;0,25991
14-10-2019 16:45;0,18634
14-10-2019 17:00;0,1489
14-10-2019 17:15;0,08357
14-10-2019 17:30;0,07519
14-10-2019 17:45;0,06363
14-10-2019 18:00;0,07684
14-10-2019 18:15;0,09818
14-10-2019 18:30;0,16489
14-10-2019 18:45;0,21562
14-10-2019 19:00;0,35838
14-10-2019 19:15;0,37867
14-10-2019 19:30;0,559
14-10-2019 19:45;0,5136
14-10-2019 20:00;0,49511
14-10-2019 20:15;0,51535
14-10-2019 20:30;0,51621
14-10-2019 20:45;0,49048
14-10-2019 21:00;0,5492
14-10-2019 21:15;0,50896
14-10-2019 21:30;0,56821
14-10-2019 21:45;0,53993
14-10-2019 22:00;0,55642
14-10-2019 22:15;0,48589
14-10-2019 22:30;0,36666
14-10-2019 22:45;0,28216
14-10-2019 23:00;0,26887
14-10-2019 23:15;0,34009
14-10-2019 23:30;0,45886
14-10-2019 23:45;0,4021
15-10-2019 00:00;0,30953
15-10-2019 00:15;0,2683
15-10-2019 00:30;0,22938
15-10-2019 00:45;0,20463
15-10-2019 01:00;0,20298
15-10-2019 01:15;0,26066
15-10-2019 01:30;0,33738
15-10-2019 01:45;0,22819
15-10-2019 02:00;0,26375
15-10-2019 02:15;0,21964
15-10-2019 02:30;0,21447
15-10-2019 02:45;0,18679
15-10-2019 03:00;0,32338
15-10-2019 03:15;0,40008
15-10-2019 03:30;0,38363
15-10-2019 03:45;0,41282
15-10-2019 04:00;0,42562
15-10-2019 04:15;0,46754
15-10-2019 04:30;0,57147
15-10-2019 04:45;0,41786
15-10-2019 05:00;0,50707
15-10-2019 05:15;0,64091
15-10-2019 05:30;0,54536
15-10-2019 05:45;0,5251
15-10-2019 06:00;0,70044
15-10-2019 06:15;0,71927
15-10-2019 06:30;0,6981
15-10-2019 06:45;0,76916
15-10-2019 07:00;0,64616
15-10-2019 07:15;0,56412
15-10-2019 07:30;0,79107
15-10-2019 07:45;0,76971
15-10-2019 08:00;0,60482
15-10-2019 08:15;0,15026
15-10-2019 08:30;0,03169
15-10-2019 08:45;0,0227
15-10-2019 09:00;0,01079
15-10-2019 09:15;0,06853
15-10-2019 09:30;0,01808
15-10-2019 09:45;0
15-10-2019 10:00;0
15-10-2019 10:15;0,00106
15-10-2019 10:30;0,00511
15-10-2019 10:45;0
15-10-2019 11:00;0,05963
15-10-2019 11:15;0,0696
15-10-2019 11:30;0,04841
15-10-2019 11:45;0,05124
15-10-2019 12:00;0,03312
15-10-2019 12:15;0,01563
15-10-2019 12:30;0,01581
15-10-2019 12:45;0,02242
15-10-2019 13:00;0,0812
15-10-2019 13:15;0,23939
15-10-2019 13:30;0,34553
15-10-2019 13:45;0,3444
15-10-2019 14:00;0,29065
15-10-2019 14:15;0,18484
15-10-2019 14:30;0,16923
15-10-2019 14:45;0,07953
15-10-2019 15:00;0,09409
15-10-2019 15:15;0,08894
15-10-2019 15:30;0,11123
15-10-2019 15:45;0,03525
15-10-2019 16:00;0,05023
15-10-2019 16:15;0,00437
15-10-2019 16:30;0,01901
15-10-2019 16:45;0,03862
15-10-2019 17:00;0,08408
15-10-2019 17:15;0,11407
15-10-2019 17:30;0,18319
15-10-2019 17:45;0,14416
15-10-2019 18:00;0,09396
15-10-2019 18:15;0,11937
15-10-2019 18:30;0,0999
15-10-2019 18:45;0,15124
15-10-2019 19:00;0,15159
15-10-2019 19:15;0,16704
15-10-2019 19:30;0,17495
15-10-2019 19:45;0,12686
15-10-2019 20:00;0,0931
15-10-2019 20:15;0,18855
15-10-2019 20:30;0,14977
15-10-2019 20:45;0,12677
15-10-2019 21:00;0,12874
15-10-2019 21:15;0,01529
15-10-2019 21:30;0,01094
15-10-2019 21:45;0,01177
15-10-2019 22:00;0,00074
15-10-2019 22:15;0
15-10-2019 22:30;0,00091
15-10-2019 22:45;0
15-10-2019 23:00;0
15-10-2019 23:15;0,00163
15-10-2019 23:30;0,00944
15-10-2019 23:45;0,04728
16-10-2019 00:00;0,12655
16-10-2019 00:15;0,14881
16-10-2019 00:30;0,16959
16-10-2019 00:45;0,25089
16-10-2019 01:00;0,21069
16-10-2019 01:15;0,16242
16-10-2019 01:30;0,15271
16-10-2019 01:45;0,18595
16-10-2019 02:00;0,19379
16-10-2019 02:15;0,17416
16-10-2019 02:30;0,2078
16-10-2019 02:45;0,2714
16-10-2019 03:00;0,19007
16-10-2019 03:15;0,1459
16-10-2019 03:30;0,24764
16-10-2019 03:45;0,31809
16-10-2019 04:00;0,36057
16-10-2019 04:15;0,33461
16-10-2019 04:30;0,28814
16-10-2019 04:45;0,28024
16-10-2019 05:00;0,25554
16-10-2019 05:15;0,35967
16-10-2019 05:30;0,55967
16-10-2019 05:45;0,72713
16-10-2019 06:00;0,66821
16-10-2019 06:15;0,54324
16-10-2019 06:30;0,66022
16-10-2019 06:45;0,616
16-10-2019 07:00;0,52423
16-10-2019 07:15;0,49215
16-10-2019 07:30;0,50561
16-10-2019 07:45;0,45481
16-10-2019 08:00;0,39759
16-10-2019 08:15;0,24445
16-10-2019 08:30;0,31496
16-10-2019 08:45;0,30493
16-10-2019 09:00;0,3778
16-10-2019 09:15;0,43718
16-10-2019 09:30;0,32333
16-10-2019 09:45;0,28257
16-10-2019 10:00;0,24076
16-10-2019 10:15;0,39605
16-10-2019 10:30;0,44244
16-10-2019 10:45;0,63859
16-10-2019 11:00;0,71557
16-10-2019 11:15;0,62628
16-10-2019 11:30;0,56895
16-10-2019 11:45;0,52183
16-10-2019 12:00;0,63154
16-10-2019 12:15;0,69596
16-10-2019 12:30;0,94791
16-10-2019 12:45;0,87249
16-10-2019 13:00;0,85351
16-10-2019 13:15;1,14388
16-10-2019 13:30;1,14772
16-10-2019 13:45;0,55611
16-10-2019 14:00;0
16-10-2019 14:15;0
16-10-2019 14:30;0
16-10-2019 14:45;0
16-10-2019 15:00;0,00593
16-10-2019 15:15;0,12885
16-10-2019 15:30;0,17087
16-10-2019 15:45;0,31038
16-10-2019 16:00;0,43646
16-10-2019 16:15;0,51682
16-10-2019 16:30;0,70143
16-10-2019 16:45;0,71002
16-10-2019 17:00;0,9309
16-10-2019 17:15;0,86308
16-10-2019 17:30;1,17999
16-10-2019 17:45;1,20232
16-10-2019 18:00;1,27893
16-10-2019 18:15;1,14882
16-10-2019 18:30;1,30751
16-10-2019 18:45;1,23006
16-10-2019 19:00;0,99931
16-10-2019 19:15;0,78132
16-10-2019 19:30;0,72859
16-10-2019 19:45;0,8855
16-10-2019 20:00;0,89648
16-10-2019 20:15;0,93145
16-10-2019 20:30;1,11651
16-10-2019 20:45;1,13526
16-10-2019 21:00;0,97144
16-10-2019 21:15;0,83901
16-10-2019 21:30;0,80957
16-10-2019 21:45;1,09456
16-10-2019 22:00;1,04121
16-10-2019 22:15;1,02618
16-10-2019 22:30;0,94588
16-10-2019 22:45;0,85991
16-10-2019 23:00;0,80308
16-10-2019 23:15;0,73564
16-10-2019 23:30;0,8914
16-10-2019 23:45;0,68075
17-10-2019 00:00;0,85508
17-10-2019 00:15;0,72111
17-10-2019 00:30;0,60436
17-10-2019 00:45;0,39847
17-10-2019 01:00;0,21361
17-10-2019 01:15;0,0611
17-10-2019 01:30;0,18867
17-10-2019 01:45;0,47894
17-10-2019 02:00;0,34004
17-10-2019 02:15;0,29452
17-10-2019 02:30;0,35045
17-10-2019 02:45;0,31989
17-10-2019 03:00;0,35207
17-10-2019 03:15;0,35271
17-10-2019 03:30;0,31255
17-10-2019 03:45;0,3039
17-10-2019 04:00;0,33039
17-10-2019 04:15;0,25626
17-10-2019 04:30;0,16727
17-10-2019 04:45;0,16975
17-10-2019 05:00;0,08862
17-10-2019 05:15;0,11468
17-10-2019 05:30;0,09647
17-10-2019 05:45;0,10413
17-10-2019 06:00;0,1035
17-10-2019 06:15;0,17555
17-10-2019 06:30;0,20418
17-10-2019 06:45;0,19018
17-10-2019 07:00;0,19239
17-10-2019 07:15;0,17784
17-10-2019 07:30;0,17869
17-10-2019 07:45;0,21672
17-10-2019 08:00;0,18103
17-10-2019 08:15;0,16534
17-10-2019 08:30;0,13283
17-10-2019 08:45;0,13404
17-10-2019 09:00;0,11413
17-10-2019 09:15;0,15682
17-10-2019 09:30;0,17694
17-10-2019 09:45;0,18241
17-10-2019 10:00;0,26309
17-10-2019 10:15;0,31986
17-10-2019 10:30;0,40869
17-10-2019 10:45;0,19467
17-10-2019 11:00;0,25774
17-10-2019 11:15;0,25389
17-10-2019 11:30;0,3671
17-10-2019 11:45;0,36235
17-10-2019 12:00;0,36744
17-10-2019 12:15;0,30847
17-10-2019 12:30;0,29049
17-10-2019 12:45;0,44491
17-10-2019 13:00;0,29777
17-10-2019 13:15;0,39786
17-10-2019 13:30;0,52401
17-10-2019 13:45;0,50922
17-10-2019 14:00;0,68329
17-10-2019 14:15;0,69202
17-10-2019 14:30;0,56552
17-10-2019 14:45;0,47011
17-10-2019 15:00;0,41303
17-10-2019 15:15;0,40917
17-10-2019 15:30;0,34477
17-10-2019 15:45;0,46244
17-10-2019 16:00;0,43452
17-10-2019 16:15;0,52318
17-10-2019 16:30;0,63232
17-10-2019 16:45;0,68546
17-10-2019 17:00;0,74984
17-10-2019 17:15;0,62249
17-10-2019 17:30;0,71338
17-10-2019 17:45;0,76053
17-10-2019 18:00;0,61157
17-10-2019 18:15;0,36997
17-10-2019 18:30;0,27232
17-10-2019 18:45;0,2784
17-10-2019 19:00;0,26857
17-10-2019 19:15;0,37886
17-10-2019 19:30;0,3235
17-10-2019 19:45;0,18808
17-10-2019 20:00;0,10465
17-10-2019 20:15;0,0579
17-10-2019 20:30;0,06976
17-10-2019 20:45;0,04603
17-10-2019 21:00;0,0483
17-10-2019 21:15;0,05923
17-10-2019 21:30;0,06839
17-10-2019 21:45;0,10619
17-10-2019 22:00;0,05216
17-10-2019 22:15;0,02524
17-10-2019 22:30;0,00913
17-10-2019 22:45;0,00053
17-10-2019 23:00;0,00729
17-10-2019 23:15;0,00026
17-10-2019 23:30;0,00661
17-10-2019 23:45;0,00202
18-10-2019 00:00;0,00125
18-10-2019 00:15;0
18-10-2019 00:30;0
18-10-2019 00:45;0,01161
18-10-2019 01:00;0,03861
18-10-2019 01:15;0,02128
18-10-2019 01:30;0,00122
18-10-2019 01:45;0
18-10-2019 02:00;0
18-10-2019 02:15;0
18-10-2019 02:30;0
18-10-2019 02:45;0
18-10-2019 03:00;0
18-10-2019 03:15;0
18-10-2019 03:30;0
18-10-2019 03:45;0,00002
18-10-2019 04:00;0,00045
18-10-2019 04:15;0,01075
18-10-2019 04:30;0,01671
18-10-2019 04:45;0,00643
18-10-2019 05:00;0,00055
18-10-2019 05:15;0
18-10-2019 05:30;0
18-10-2019 05:45;0
18-10-2019 06:00;0
18-10-2019 06:15;0
18-10-2019 06:30;0
18-10-2019 06:45;0
18-10-2019 07:00;0
18-10-2019 07:15;0
18-10-2019 07:30;0
18-10-2019 07:45;0
18-10-2019 08:00;0
18-10-2019 08:15;0
18-10-2019 08:30;0
18-10-2019 08:45;0
18-10-2019 09:00;0
18-10-2019 09:15;0
18-10-2019 09:30;0
18-10-2019 09:45;0
18-10-2019 10:00;0
18-10-2019 10:15;0
18-10-2019 10:30;0
18-10-2019 10:45;0
18-10-2019 11:00;0
18-10-2019 11:15;0
18-10-2019 11:30;0
18-10-2019 11:45;0
18-10-2019 12:00;0
18-10-2019 12:15;0
18-10-2019 12:30;0
18-10-2019 12:45;0
18-10-2019 13:00;0
18-10-2019 13:15;0
18-10-2019 13:30;0
18-10-2019 13:45;0
18-10-2019 14:00;0,00079
18-10-2019 14:15;0,00806
18-10-2019 14:30;0,00106
18-10-2019 14:45;0,00758
18-10-2019 15:00;0,00764
18-10-2019 15:15;0
18-10-2019 15:30;0
18-10-2019 15:45;0
18-10-2019 16:00;0
18-10-2019 16:15;0
18-10-2019 16:30;0
18-10-2019 16:45;0
18-10-2019 17:00;0
18-10-2019 17:15;0
18-10-2019 17:30;0
18-10-2019 17:45;0
18-10-2019 18:00;0
18-10-2019 18:15;0
18-10-2019 18:30;0
18-10-2019 18:45;0
18-10-2019 19:00;0
18-10-2019 19:15;0
18-10-2019 19:30;0,0012
18-10-2019 19:45;0,0013
18-10-2019 20:00;0
18-10-2019 20:15;0
18-10-2019 20:30;0
18-10-2019 20:45;0
18-10-2019 21:00;0
18-10-2019 21:15;0
18-10-2019 21:30;0
18-10-2019 21:45;0
18-10-2019 22:00;0
18-10-2019 22:15;0
18-10-2019 22:30;0
18-10-2019 22:45;0
18-10-2019 23:00;0
18-10-2019 23:15;0
18-10-2019 23:30;0
18-10-2019 23:45;0
19-10-2019 00:00;0
19-10-2019 00:15;0,00089
19-10-2019 00:30;0,02751
19-10-2019 00:45;0,07502
19-10-2019 01:00;0,1112
19-10-2019 01:15;0,12805
19-10-2019 01:30;0,12015
19-10-2019 01:45;0,19285
19-10-2019 02:00;0,16006
19-10-2019 02:15;0,08551
19-10-2019 02:30;0,05302
19-10-2019 02:45;0
19-10-2019 03:00;0
19-10-2019 03:15;0
19-10-2019 03:30;0
19-10-2019 03:45;0
19-10-2019 04:00;0
19-10-2019 04:15;0
19-10-2019 04:30;0
19-10-2019 04:45;0
19-10-2019 05:00;0
19-10-2019 05:15;0
19-10-2019 05:30;0
19-10-2019 05:45;0
19-10-2019 06:00;0,00367
19-10-2019 06:15;0,00247
19-10-2019 06:30;0
19-10-2019 06:45;0
19-10-2019 07:00;0
19-10-2019 07:15;0
19-10-2019 07:30;0
19-10-2019 07:45;0
19-10-2019 08:00;0
19-10-2019 08:15;0
19-10-2019 08:30;0,01102
19-10-2019 08:45;0,03931
19-10-2019 09:00;0,0408
19-10-2019 09:15;0,0049
19-10-2019 09:30;0
19-10-2019 09:45;0
19-10-2019 10:00;0,00113
19-10-2019 10:15;0,00466
19-10-2019 10:30;0,01426
19-10-2019 10:45;0,05003
19-10-2019 11:00;0,05717
19-10-2019 11:15;0,04223
19-10-2019 11:30;0,06757
19-10-2019 11:45;0,05205
19-10-2019 12:00;0,09346
19-10-2019 12:15;0,14378
19-10-2019 12:30;0,14785
19-10-2019 12:45;0,05696
19-10-2019 13:00;0,0013
19-10-2019 13:15;0
19-10-2019 13:30;0
19-10-2019 13:45;0,00124
19-10-2019 14:00;0
19-10-2019 14:15;0
19-10-2019 14:30;0
19-10-2019 14:45;0
19-10-2019 15:00;0
19-10-2019 15:15;0
19-10-2019 15:30;0
19-10-2019 15:45;0
19-10-2019 16:00;0
19-10-2019 16:15;0
19-10-2019 16:30;0
19-10-2019 16:45;0
19-10-2019 17:00;0
19-10-2019 17:15;0
19-10-2019 17:30;0
19-10-2019 17:45;0,00124
19-10-2019 18:00;0,02256
19-10-2019 18:15;0,04325
19-10-2019 18:30;0,07114
19-10-2019 18:45;0,08289
19-10-2019 19:00;0,09068
19-10-2019 19:15;0,07209
19-10-2019 19:30;0,1974
19-10-2019 19:45;0,27293
19-10-2019 20:00;0,32092
19-10-2019 20:15;0,45848
19-10-2019 20:30;0,31862
19-10-2019 20:45;0,23392
19-10-2019 21:00;0,26617
19-10-2019 21:15;0,39325
19-10-2019 21:30;0,36115
19-10-2019 21:45;0,42225
19-10-2019 22:00;0,41204
19-10-2019 22:15;0,38988
19-10-2019 22:30;0,3901
19-10-2019 22:45;0,39271
19-10-2019 23:00;0,27019
19-10-2019 23:15;0,40455
19-10-2019 23:30;0,3345
19-10-2019 23:45;0,30182
20-10-2019 00:00;0,212
20-10-2019 00:15;0,2161
20-10-2019 00:30;0,13865
20-10-2019 00:45;0,1354
20-10-2019 01:00;0,26133
20-10-2019 01:15;0,26237
20-10-2019 01:30;0,28262
20-10-2019 01:45;0,34515
20-10-2019 02:00;0,35696
20-10-2019 02:15;0,29949
20-10-2019 02:30;0,3784
20-10-2019 02:45;0,35341
20-10-2019 03:00;0,46936
20-10-2019 03:15;0,49147
20-10-2019 03:30;0,44691
20-10-2019 03:45;0,46742
20-10-2019 04:00;0,46793
20-10-2019 04:15;0,33778
20-10-2019 04:30;0,27123
20-10-2019 04:45;0,19712
20-10-2019 05:00;0,17332
20-10-2019 05:15;0,16341
20-10-2019 05:30;0,14044
20-10-2019 05:45;0,13426
20-10-2019 06:00;0,13962
20-10-2019 06:15;0,16273
20-10-2019 06:30;0,10056
20-10-2019 06:45;0,11016
20-10-2019 07:00;0,13243
20-10-2019 07:15;0,14732
20-10-2019 07:30;0,07381
20-10-2019 07:45;0,03973
20-10-2019 08:00;0,01373
20-10-2019 08:15;0
20-10-2019 08:30;0
20-10-2019 08:45;0
20-10-2019 09:00;0
20-10-2019 09:15;0
20-10-2019 09:30;0
20-10-2019 09:45;0
20-10-2019 10:00;0
20-10-2019 10:15;0
20-10-2019 10:30;0
20-10-2019 10:45;0
20-10-2019 11:00;0
20-10-2019 11:15;0
20-10-2019 11:30;0
20-10-2019 11:45;0
20-10-2019 12:00;0
20-10-2019 12:15;0
20-10-2019 12:30;0
20-10-2019 12:45;0
20-10-2019 13:00;0
20-10-2019 13:15;0
20-10-2019 13:30;0
20-10-2019 13:45;0
20-10-2019 14:00;0
20-10-2019 14:15;0
20-10-2019 14:30;0
20-10-2019 14:45;0
20-10-2019 15:00;0
20-10-2019 15:15;0
20-10-2019 15:30;0
20-10-2019 15:45;0
20-10-2019 16:00;0
20-10-2019 16:15;0
20-10-2019 16:30;0
20-10-2019 16:45;0
20-10-2019 17:00;0
20-10-2019 17:15;0
20-10-2019 17:30;0
20-10-2019 17:45;0
20-10-2019 18:00;0
20-10-2019 18:15;0
20-10-2019 18:30;0
20-10-2019 18:45;0
20-10-2019 19:00;0
20-10-2019 19:15;0
20-10-2019 19:30;0
20-10-2019 19:45;0
20-10-2019 20:00;0
20-10-2019 20:15;0
20-10-2019 20:30;0
20-10-2019 20:45;0
20-10-2019 21:00;0,01693
20-10-2019 21:15;0,03183
20-10-2019 21:30;0,05069
20-10-2019 21:45;0,08256
20-10-2019 22:00;0,08296
20-10-2019 22:15;0,08471
20-10-2019 22:30;0,13766
20-10-2019 22:45;0,18377
20-10-2019 23:00;0,22679
20-10-2019 23:15;0,29247
20-10-2019 23:30;0,27429
20-10-2019 23:45;0,26753
21-10-2019 00:00;0,24274
21-10-2019 00:15;0,21211
21-10-2019 00:30;0,20813
21-10-2019 00:45;0,14342
21-10-2019 01:00;0,09376
21-10-2019 01:15;0,06233
21-10-2019 01:30;0,13265
21-10-2019 01:45;0,10064
21-10-2019 02:00;0,01925
21-10-2019 02:15;0,00116
21-10-2019 02:30;0
21-10-2019 02:45;0
21-10-2019 03:00;0
21-10-2019 03:15;0
21-10-2019 03:30;0
21-10-2019 03:45;0
21-10-2019 04:00;0
21-10-2019 04:15;0
21-10-2019 04:30;0
21-10-2019 04:45;0
21-10-2019 05:00;0
21-10-2019 05:15;0
21-10-2019 05:30;0
21-10-2019 05:45;0
21-10-2019 06:00;0
21-10-2019 06:15;0
21-10-2019 06:30;0
21-10-2019 06:45;0
21-10-2019 07:00;0
21-10-2019 07:15;0
21-10-2019 07:30;0
21-10-2019 07:45;0
21-10-2019 08:00;0
21-10-2019 08:15;0
21-10-2019 08:30;0
21-10-2019 08:45;0
21-10-2019 09:00;0
21-10-2019 09:15;0
21-10-2019 09:30;0
21-10-2019 09:45;0,00116
21-10-2019 10:00;0,01685
21-10-2019 10:15;0,02354
21-10-2019 10:30;0,03994
21-10-2019 10:45;0,01442
21-10-2019 11:00;0,06936
21-10-2019 11:15;0,10173
21-10-2019 11:30;0,10541
21-10-2019 11:45;0,08973
21-10-2019 12:00;0,12038
21-10-2019 12:15;0,19357
21-10-2019 12:30;0,24292
21-10-2019 12:45;0,15174
21-10-2019 13:00;0,13466
21-10-2019 13:15;0,1512
21-10-2019 13:30;0,13424
21-10-2019 13:45;0,10404
21-10-2019 14:00;0,09734
21-10-2019 14:15;0,0291
21-10-2019 14:30;0
21-10-2019 14:45;0
21-10-2019 15:00;0
21-10-2019 15:15;0
21-10-2019 15:30;0
21-10-2019 15:45;0
21-10-2019 16:00;0
21-10-2019 16:15;0
21-10-2019 16:30;0
21-10-2019 16:45;0
21-10-2019 17:00;0
21-10-2019 17:15;0
21-10-2019 17:30;0
21-10-2019 17:45;0
21-10-2019 18:00;0
21-10-2019 18:15;0
21-10-2019 18:30;0,00014
21-10-2019 18:45;0,01501
21-10-2019 19:00;0,02286
21-10-2019 19:15;0,03882
21-10-2019 19:30;0,01125
21-10-2019 19:45;0,00074
21-10-2019 20:00;0,00156
21-10-2019 20:15;0,00341
21-10-2019 20:30;0,00406
21-10-2019 20:45;0,01302
21-10-2019 21:00;0,02475
21-10-2019 21:15;0,03574
21-10-2019 21:30;0,02212
21-10-2019 21:45;0,02032
21-10-2019 22:00;0,00697
21-10-2019 22:15;0,00425
21-10-2019 22:30;0,00931
21-10-2019 22:45;0,00431
21-10-2019 23:00;0,00018
21-10-2019 23:15;0
21-10-2019 23:30;0
21-10-2019 23:45;0
22-10-2019 00:00;0
22-10-2019 00:15;0
22-10-2019 00:30;0
22-10-2019 00:45;0
22-10-2019 01:00;0
22-10-2019 01:15;0
22-10-2019 01:30;0
22-10-2019 01:45;0
22-10-2019 02:00;0,01454
22-10-2019 02:15;0,11892
22-10-2019 02:30;0,23867
22-10-2019 02:45;0,3375
22-10-2019 03:00;0,39623
22-10-2019 03:15;0,56145
22-10-2019 03:30;0,58644
22-10-2019 03:45;0,52995
22-10-2019 04:00;0,59706
22-10-2019 04:15;0,62058
22-10-2019 04:30;0,6557
22-10-2019 04:45;0,65529
22-10-2019 05:00;0,65866
22-10-2019 05:15;0,77671
22-10-2019 05:30;0,92368
22-10-2019 05:45;0,91694
22-10-2019 06:00;0,94882
22-10-2019 06:15;0,94585
22-10-2019 06:30;0,94506
22-10-2019 06:45;0,99787
22-10-2019 07:00;0,92569
22-10-2019 07:15;0,93181
22-10-2019 07:30;1,02531
22-10-2019 07:45;0,80876
22-10-2019 08:00;0,55375
22-10-2019 08:15;0,70706
22-10-2019 08:30;0,6195
22-10-2019 08:45;0,71265
22-10-2019 09:00;0,68531
22-10-2019 09:15;0,5546
22-10-2019 09:30;0,50624
22-10-2019 09:45;0,43779
22-10-2019 10:00;0,48918
22-10-2019 10:15;0,64101
22-10-2019 10:30;0,74618
22-10-2019 10:45;0,8596
22-10-2019 11:00;0,91073
22-10-2019 11:15;0,80972
22-10-2019 11:30;0,75115
22-10-2019 11:45;0,62073
22-10-2019 12:00;0,60021
22-10-2019 12:15;0,67383
22-10-2019 12:30;0,53035
22-10-2019 12:45;0,43195
22-10-2019 13:00;0,26793
22-10-2019 13:15;0,26958
22-10-2019 13:30;0,39484
22-10-2019 13:45;0,47209
22-10-2019 14:00;0,50896
22-10-2019 14:15;0,58699
22-10-2019 14:30;0,4901
22-10-2019 14:45;0,51373
22-10-2019 15:00;0,43704
22-10-2019 15:15;0,35275
22-10-2019 15:30;0,40131
22-10-2019 15:45;0,38082
22-10-2019 16:00;0,39969
22-10-2019 16:15;0,51119
22-10-2019 16:30;0,57976
22-10-2019 16:45;0,47549
22-10-2019 17:00;0,53386
22-10-2019 17:15;0,38945
22-10-2019 17:30;0,36749
22-10-2019 17:45;0,37637
22-10-2019 18:00;0,40962
22-10-2019 18:15;0,37407
22-10-2019 18:30;0,46685
22-10-2019 18:45;0,68743
22-10-2019 19:00;0,56597
22-10-2019 19:15;0,54641
22-10-2019 19:30;0,60448
22-10-2019 19:45;0,76905
22-10-2019 20:00;0,6864
22-10-2019 20:15;0,58668
22-10-2019 20:30;0,60993
22-10-2019 20:45;0,62388
22-10-2019 21:00;0,76538
22-10-2019 21:15;0,81731
22-10-2019 21:30;0,90524
22-10-2019 21:45;0,9061
22-10-2019 22:00;0,96268
22-10-2019 22:15;0,99584
22-10-2019 22:30;0,88663
22-10-2019 22:45;0,74208
22-10-2019 23:00;0,5392
22-10-2019 23:15;0,5488
22-10-2019 23:30;0,6949
22-10-2019 23:45;0,81574
23-10-2019 00:00;0,8963
23-10-2019 00:15;1,10786
23-10-2019 00:30;1,22551
23-10-2019 00:45;1,11513
23-10-2019 01:00;1,31981
23-10-2019 01:15;1,47851
23-10-2019 01:30;1,34866
23-10-2019 01:45;1,34631
23-10-2019 02:00;1,3637
23-10-2019 02:15;1,25814
23-10-2019 02:30;1,70346
23-10-2019 02:45;1,71815
23-10-2019 03:00;1,65414
23-10-2019 03:15;1,70857
23-10-2019 03:30;1,47248
23-10-2019 03:45;1,3961
23-10-2019 04:00;1,34247
23-10-2019 04:15;1,10158
23-10-2019 04:30;1,10366
23-10-2019 04:45;1,35156
23-10-2019 05:00;1,17764
23-10-2019 05:15;1,2374
23-10-2019 05:30;1,23845
23-10-2019 05:45;1,38423
23-10-2019 06:00;1,62246
23-10-2019 06:15;1,89071
23-10-2019 06:30;1,60468
23-10-2019 06:45;1,55478
23-10-2019 07:00;1,70831
23-10-2019 07:15;1,49255
23-10-2019 07:30;1,6734
23-10-2019 07:45;1,67426
23-10-2019 08:00;1,72398
23-10-2019 08:15;1,54449
23-10-2019 08:30;1,23522
23-10-2019 08:45;1,24814
23-10-2019 09:00;1,10246
23-10-2019 09:15;1,22819
23-10-2019 09:30;1,24807
23-10-2019 09:45;1,13393
23-10-2019 10:00;1,29118
23-10-2019 10:15;1,1094
23-10-2019 10:30;1,09183
23-10-2019 10:45;1,04997
23-10-2019 11:00;1,21753
23-10-2019 11:15;0,90358
23-10-2019 11:30;0,99876
23-10-2019 11:45;0,87225
23-10-2019 12:00;0,93424
23-10-2019 12:15;1,07265
23-10-2019 12:30;1,24256
23-10-2019 12:45;1,23119
23-10-2019 13:00;1,1345
23-10-2019 13:15;1,30208
23-10-2019 13:30;1,40653
23-10-2019 13:45;1,32151
23-10-2019 14:00;1,28596
23-10-2019 14:15;1,37345
23-10-2019 14:30;1,62777
23-10-2019 14:45;1,45767
23-10-2019 15:00;1,5374
23-10-2019 15:15;1,26866
23-10-2019 15:30;1,46947
23-10-2019 15:45;1,65978
23-10-2019 16:00;1,90916
23-10-2019 16:15;1,9998
23-10-2019 16:30;1,68603
23-10-2019 16:45;2,19271
23-10-2019 17:00;1,84529
23-10-2019 17:15;1,90911
23-10-2019 17:30;1,78287
23-10-2019 17:45;1,79255
23-10-2019 18:00;1,8139
23-10-2019 18:15;2,33758
23-10-2019 18:30;2,27418
23-10-2019 18:45;2,1563
23-10-2019 19:00;1,9945
23-10-2019 19:15;2,04161
23-10-2019 19:30;2,24459
23-10-2019 19:45;2,26515
23-10-2019 20:00;2,23932
23-10-2019 20:15;2,25667
23-10-2019 20:30;2,11321
23-10-2019 20:45;2,34772
23-10-2019 21:00;2,27292
23-10-2019 21:15;2,0901
23-10-2019 21:30;2,29835
23-10-2019 21:45;2,37663
23-10-2019 22:00;2,33093
23-10-2019 22:15;2,19854
23-10-2019 22:30;2,66941
23-10-2019 22:45;2,73993
23-10-2019 23:00;2,54832
23-10-2019 23:15;2,43091
23-10-2019 23:30;2,44279
23-10-2019 23:45;2,25621
24-10-2019 00:00;2,53217
24-10-2019 00:15;2,46463
24-10-2019 00:30;2,4556
24-10-2019 00:45;2,60808
24-10-2019 01:00;2,66022
24-10-2019 01:15;2,28464
24-10-2019 01:30;2,34278
24-10-2019 01:45;2,56063
24-10-2019 02:00;2,87888
24-10-2019 02:15;2,67557
24-10-2019 02:30;3,00948
24-10-2019 02:45;2,87959
24-10-2019 03:00;2,74152
24-10-2019 03:15;2,62124
24-10-2019 03:30;3,2641
24-10-2019 03:45;3,1623
24-10-2019 04:00;2,95841
24-10-2019 04:15;3,39554
24-10-2019 04:30;3,45799
24-10-2019 04:45;3,39544
24-10-2019 05:00;3,36863
24-10-2019 05:15;3,11246
24-10-2019 05:30;2,68126
24-10-2019 05:45;2,87413
24-10-2019 06:00;3,3706
24-10-2019 06:15;3,007
24-10-2019 06:30;2,74373
24-10-2019 06:45;2,82731
24-10-2019 07:00;2,57685
24-10-2019 07:15;2,1573
24-10-2019 07:30;2,32761
24-10-2019 07:45;2,10004
24-10-2019 08:00;2,38241
24-10-2019 08:15;2,07927
24-10-2019 08:30;2,08981
24-10-2019 08:45;2,35618
24-10-2019 09:00;1,61648
24-10-2019 09:15;1,40956
24-10-2019 09:30;0,33156
24-10-2019 09:45;0,26144
24-10-2019 10:00;0,01862
24-10-2019 10:15;0
24-10-2019 10:30;0
24-10-2019 10:45;0
24-10-2019 11:00;0
24-10-2019 11:15;0
24-10-2019 11:30;0
24-10-2019 11:45;0
24-10-2019 12:00;0,08961
24-10-2019 12:15;0,10152
24-10-2019 12:30;0,10402
24-10-2019 12:45;0,1323
24-10-2019 13:00;0,14333
24-10-2019 13:15;0,16878
24-10-2019 13:30;0,21856
24-10-2019 13:45;0,31395
24-10-2019 14:00;0,44751
24-10-2019 14:15;0,69851
24-10-2019 14:30;0,72939
24-10-2019 14:45;0,9571
24-10-2019 15:00;1,30626
24-10-2019 15:15;1,39424
24-10-2019 15:30;1,16196
24-10-2019 15:45;1,45622
24-10-2019 16:00;1,61847
24-10-2019 16:15;1,68451
24-10-2019 16:30;1,66163
24-10-2019 16:45;1,98898
24-10-2019 17:00;2,34799
24-10-2019 17:15;2,89598
24-10-2019 17:30;3,23674
24-10-2019 17:45;3,59603
24-10-2019 18:00;2,83352
24-10-2019 18:15;2,84716
24-10-2019 18:30;2,93739
24-10-2019 18:45;2,83573
24-10-2019 19:00;2,47204
24-10-2019 19:15;2,61111
24-10-2019 19:30;2,75858
24-10-2019 19:45;2,93908
24-10-2019 20:00;2,78947
24-10-2019 20:15;2,87137
24-10-2019 20:30;2,39288
24-10-2019 20:45;2,1731
24-10-2019 21:00;1,94607
24-10-2019 21:15;0,8077
24-10-2019 21:30;0,25573
24-10-2019 21:45;0,12886
24-10-2019 22:00;0,09509
24-10-2019 22:15;0,05912
24-10-2019 22:30;0,00781
24-10-2019 22:45;0,01394
24-10-2019 23:00;0,0017
24-10-2019 23:15;0,00696
24-10-2019 23:30;0,2599
24-10-2019 23:45;0,1716
25-10-2019 00:00;0,12274
25-10-2019 00:15;0,04006
25-10-2019 00:30;0,00203
25-10-2019 00:45;0,01628
25-10-2019 01:00;0,00399
25-10-2019 01:15;0,01762
25-10-2019 01:30;0,00079
25-10-2019 01:45;0
25-10-2019 02:00;0
25-10-2019 02:15;0
25-10-2019 02:30;0,066
25-10-2019 02:45;0,81033
25-10-2019 03:00;1,7318
25-10-2019 03:15;1,15261
25-10-2019 03:30;1,20237
25-10-2019 03:45;0,95616
25-10-2019 04:00;0,3425
25-10-2019 04:15;0,51245
25-10-2019 04:30;0,44663
25-10-2019 04:45;0,1694
25-10-2019 05:00;0,37376
25-10-2019 05:15;0,34931
25-10-2019 05:30;0,61983
25-10-2019 05:45;1,95771
25-10-2019 06:00;2,30122
25-10-2019 06:15;2,24331
25-10-2019 06:30;1,62895
25-10-2019 06:45;2,26925
25-10-2019 07:00;3,34515
25-10-2019 07:15;3,0358
25-10-2019 07:30;3,83857
25-10-2019 07:45;2,7245
25-10-2019 08:00;2,74844
25-10-2019 08:15;3,0408
25-10-2019 08:30;2,73853
25-10-2019 08:45;3,66937
25-10-2019 09:00;3,12833
25-10-2019 09:15;2,34533
25-10-2019 09:30;2,398
25-10-2019 09:45;1,84449
25-10-2019 10:00;2,00151
25-10-2019 10:15;2,52718
25-10-2019 10:30;2,9108
25-10-2019 10:45;2,62451
25-10-2019 11:00;2,91271
25-10-2019 11:15;2,32374
25-10-2019 11:30;3,16334
25-10-2019 11:45;4,19708
25-10-2019 12:00;3,34037
25-10-2019 12:15;2,13623
25-10-2019 12:30;2,82918
25-10-2019 12:45;2,69395
25-10-2019 13:00;2,74515
25-10-2019 13:15;2,79746
25-10-2019 13:30;1,83077
25-10-2019 13:45;2,79177
25-10-2019 14:00;3,31053
25-10-2019 14:15;3,29399
25-10-2019 14:30;4,03559
25-10-2019 14:45;3,63591
25-10-2019 15:00;3,93364
25-10-2019 15:15;3,73808
25-10-2019 15:30;2,1955
25-10-2019 15:45;3,68003
25-10-2019 16:00;3,03229
25-10-2019 16:15;3,22336
25-10-2019 16:30;2,68125
25-10-2019 16:45;1,87403
25-10-2019 17:00;1,8683
25-10-2019 17:15;2,89769
25-10-2019 17:30;1,26858
25-10-2019 17:45;1,6662
25-10-2019 18:00;1,48599
25-10-2019 18:15;1,19122
25-10-2019 18:30;1,08634
25-10-2019 18:45;1,15569
25-10-2019 19:00;1,21291
25-10-2019 19:15;1,22239
25-10-2019 19:30;1,54059
25-10-2019 19:45;1,38213
25-10-2019 20:00;1,2127
25-10-2019 20:15;0,49831
25-10-2019 20:30;0,47006
25-10-2019 20:45;0,67843
25-10-2019 21:00;0,48488
25-10-2019 21:15;0,58468
25-10-2019 21:30;0,43782
25-10-2019 21:45;0,381
25-10-2019 22:00;0,28934
25-10-2019 22:15;0,47598
25-10-2019 22:30;0,32019
25-10-2019 22:45;0,40949
25-10-2019 23:00;0,59663
25-10-2019 23:15;0,5156
25-10-2019 23:30;0,43766
25-10-2019 23:45;0,43528
26-10-2019 00:00;0,37041
26-10-2019 00:15;0,39711
26-10-2019 00:30;0,45478
26-10-2019 00:45;0,22823
26-10-2019 01:00;0,08728
26-10-2019 01:15;0,24276
26-10-2019 01:30;0,21142
26-10-2019 01:45;0,27878
26-10-2019 02:00;0,35651
26-10-2019 02:15;0,33971
26-10-2019 02:30;0,60733
26-10-2019 02:45;0,7593
26-10-2019 03:00;1,01285
26-10-2019 03:15;1,55945
26-10-2019 03:30;1,66316
26-10-2019 03:45;2,5017
26-10-2019 04:00;2,59772
26-10-2019 04:15;2,29388
26-10-2019 04:30;1,91733
26-10-2019 04:45;1,78233
26-10-2019 05:00;1,70626
26-10-2019 05:15;1,68809
26-10-2019 05:30;1,62353
26-10-2019 05:45;1,0144
26-10-2019 06:00;0,79238
26-10-2019 06:15;2,45234
26-10-2019 06:30;2,10417
26-10-2019 06:45;2,87533
26-10-2019 07:00;2,93753
26-10-2019 07:15;2,46449
26-10-2019 07:30;2,36559
26-10-2019 07:45;3,29355
26-10-2019 08:00;2,60985
26-10-2019 08:15;2,4978
26-10-2019 08:30;2,6816
26-10-2019 08:45;3,36598
26-10-2019 09:00;2,73964
26-10-2019 09:15;2,88581
26-10-2019 09:30;2,94863
26-10-2019 09:45;2,55478
26-10-2019 10:00;2,04705
26-10-2019 10:15;2,69535
26-10-2019 10:30;3,25641
26-10-2019 10:45;2,7807
26-10-2019 11:00;2,55274
26-10-2019 11:15;2,73607
26-10-2019 11:30;2,46181
26-10-2019 11:45;2,61866
26-10-2019 12:00;3,26967
26-10-2019 12:15;3,35075
26-10-2019 12:30;3,70012
26-10-2019 12:45;3,45349
26-10-2019 13:00;3,77111
26-10-2019 13:15;3,11848
26-10-2019 13:30;2,71783
26-10-2019 13:45;2,44843
26-10-2019 14:00;2,63644
26-10-2019 14:15;2,69223
26-10-2019 14:30;2,21548
26-10-2019 14:45;2,38816
26-10-2019 15:00;2,26037
26-10-2019 15:15;2,69506
26-10-2019 15:30;2,59531
26-10-2019 15:45;2,88214
26-10-2019 16:00;2,90238
26-10-2019 16:15;3,53861
26-10-2019 16:30;3,19568
26-10-2019 16:45;2,81054
26-10-2019 17:00;2,52885
26-10-2019 17:15;2,01349
26-10-2019 17:30;1,56555
26-10-2019 17:45;1,5588
26-10-2019 18:00;1,44445
26-10-2019 18:15;1,73379
26-10-2019 18:30;2,08188
26-10-2019 18:45;1,62921
26-10-2019 19:00;1,85666
26-10-2019 19:15;2,04361
26-10-2019 19:30;2,11494
26-10-2019 19:45;1,90069
26-10-2019 20:00;1,8243
26-10-2019 20:15;1,69736
26-10-2019 20:30;1,73559
26-10-2019 20:45;1,72421
26-10-2019 21:00;1,69451
26-10-2019 21:15;1,73798
26-10-2019 21:30;1,52703
26-10-2019 21:45;1,63841
26-10-2019 22:00;1,5896
26-10-2019 22:15;1,20802
26-10-2019 22:30;1,29159
26-10-2019 22:45;0,95305
26-10-2019 23:00;0,92817
26-10-2019 23:15;0,93374
26-10-2019 23:30;0,83752
26-10-2019 23:45;0,96193
27-10-2019 00:00;0,89509
27-10-2019 00:15;0,84913
27-10-2019 00:30;0,68304
27-10-2019 00:45;0,79508
27-10-2019 01:00;0,80681
27-10-2019 01:15;0,91684
27-10-2019 01:30;1,00361
27-10-2019 01:45;0,95152
27-10-2019 02:00;0,85623
27-10-2019 02:15;0,81416
27-10-2019 02:30;0,73157
27-10-2019 02:45;0,81594
27-10-2019 02:00;0,76067
27-10-2019 02:15;0,74093
27-10-2019 02:30;0,86553
27-10-2019 02:45;0,76564
27-10-2019 03:00;0,69861
27-10-2019 03:15;0,64181
27-10-2019 03:30;0,61673
27-10-2019 03:45;0,39123
27-10-2019 04:00;0,13874
27-10-2019 04:15;0,15685
27-10-2019 04:30;0,16215
27-10-2019 04:45;0,13403
27-10-2019 05:00;0,135
27-10-2019 05:15;0,24436
27-10-2019 05:30;0,32524
27-10-2019 05:45;0,50352
27-10-2019 06:00;0,63443
27-10-2019 06:15;0,57823
27-10-2019 06:30;0,70137
27-10-2019 06:45;0,66358
27-10-2019 07:00;0,61613
27-10-2019 07:15;0,88193
27-10-2019 07:30;0,90589
27-10-2019 07:45;0,96496
27-10-2019 08:00;0,77682
27-10-2019 08:15;0,79404
27-10-2019 08:30;0,97705
27-10-2019 08:45;0,70045
27-10-2019 09:00;0,67136
27-10-2019 09:15;0,76604
27-10-2019 09:30;0,66207
27-10-2019 09:45;0,86727
27-10-2019 10:00;0,89615
27-10-2019 10:15;0,84355
27-10-2019 10:30;0,76323
27-10-2019 10:45;0,68892
27-10-2019 11:00;0,62692
27-10-2019 11:15;0,67716
27-10-2019 11:30;0,63669
27-10-2019 11:45;0,68733
27-10-2019 12:00;0,62923
27-10-2019 12:15;0,48682
27-10-2019 12:30;0,52895
27-10-2019 12:45;0,46652
27-10-2019 13:00;0,37219
27-10-2019 13:15;0,35066
27-10-2019 13:30;0,42827
27-10-2019 13:45;0,52987
27-10-2019 14:00;0,47938
27-10-2019 14:15;0,62182
27-10-2019 14:30;0,60753
27-10-2019 14:45;0,85306
27-10-2019 15:00;0,59502
27-10-2019 15:15;0,42353
27-10-2019 15:30;0,45315
27-10-2019 15:45;0,50706
27-10-2019 16:00;0,51429
27-10-2019 16:15;0,85774
27-10-2019 16:30;0,90459
27-10-2019 16:45;0,96959
27-10-2019 17:00;0,66161
27-10-2019 17:15;0,83265
27-10-2019 17:30;1,34925
27-10-2019 17:45;1,54911
27-10-2019 18:00;1,21211
27-10-2019 18:15;1,15175
27-10-2019 18:30;1,05194
27-10-2019 18:45;0,86945
27-10-2019 19:00;0,53452
27-10-2019 19:15;0,12516
27-10-2019 19:30;0,0226
27-10-2019 19:45;0,02777
27-10-2019 20:00;0,08067
27-10-2019 20:15;0,13063
27-10-2019 20:30;0,15275
27-10-2019 20:45;0,20141
27-10-2019 21:00;0,0619
27-10-2019 21:15;0,02162
27-10-2019 21:30;0,00252
27-10-2019 21:45;0,00125
27-10-2019 22:00;0
27-10-2019 22:15;0
27-10-2019 22:30;0
27-10-2019 22:45;0
27-10-2019 23:00;0
27-10-2019 23:15;0
27-10-2019 23:30;0
27-10-2019 23:45;0
28-10-2019 00:00;0,00704
28-10-2019 00:15;0,06585
28-10-2019 00:30;0,04873
28-10-2019 00:45;0,01919
28-10-2019 01:00;0,0067
28-10-2019 01:15;0,0157
28-10-2019 01:30;0,0318
28-10-2019 01:45;0,05025
28-10-2019 02:00;0,07364
28-10-2019 02:15;0,10057
28-10-2019 02:30;0,09891
28-10-2019 02:45;0,13876
28-10-2019 03:00;0,14385
28-10-2019 03:15;0,07812
28-10-2019 03:30;0,09045
28-10-2019 03:45;0,11312
28-10-2019 04:00;0,08278
28-10-2019 04:15;0,04935
28-10-2019 04:30;0,02916
28-10-2019 04:45;0,00107
28-10-2019 05:00;0
28-10-2019 05:15;0
28-10-2019 05:30;0
28-10-2019 05:45;0
28-10-2019 06:00;0
28-10-2019 06:15;0
28-10-2019 06:30;0
28-10-2019 06:45;0
28-10-2019 07:00;0
28-10-2019 07:15;0
28-10-2019 07:30;0
28-10-2019 07:45;0
28-10-2019 08:00;0
28-10-2019 08:15;0
28-10-2019 08:30;0
28-10-2019 08:45;0
28-10-2019 09:00;0
28-10-2019 09:15;0
28-10-2019 09:30;0
28-10-2019 09:45;0,00461
28-10-2019 10:00;0,0247
28-10-2019 10:15;0,12792
28-10-2019 10:30;0,06803
28-10-2019 10:45;0
28-10-2019 11:00;0,00117
28-10-2019 11:15;0
28-10-2019 11:30;0
28-10-2019 11:45;0
28-10-2019 12:00;0
28-10-2019 12:15;0
28-10-2019 12:30;0
28-10-2019 12:45;0
28-10-2019 13:00;0
28-10-2019 13:15;0
28-10-2019 13:30;0
28-10-2019 13:45;0
28-10-2019 14:00;0
28-10-2019 14:15;0
28-10-2019 14:30;0
28-10-2019 14:45;0
28-10-2019 15:00;0
28-10-2019 15:15;0
28-10-2019 15:30;0
28-10-2019 15:45;0
28-10-2019 16:00;0
28-10-2019 16:15;0
28-10-2019 16:30;0
28-10-2019 16:45;0
28-10-2019 17:00;0
28-10-2019 17:15;0
28-10-2019 17:30;0
28-10-2019 17:45;0
28-10-2019 18:00;0,05771
28-10-2019 18:15;0,21978
28-10-2019 18:30;0,20148
28-10-2019 18:45;0,07084
28-10-2019 19:00;0,01951
28-10-2019 19:15;0,04837
28-10-2019 19:30;0,01027
28-10-2019 19:45;0
28-10-2019 20:00;0,05693
28-10-2019 20:15;0,05549
28-10-2019 20:30;0,04866
28-10-2019 20:45;0,02545
28-10-2019 21:00;0
28-10-2019 21:15;0
28-10-2019 21:30;0
28-10-2019 21:45;0
28-10-2019 22:00;0
28-10-2019 22:15;0
28-10-2019 22:30;0
28-10-2019 22:45;0
28-10-2019 23:00;0
28-10-2019 23:15;0
28-10-2019 23:30;0
28-10-2019 23:45;0
29-10-2019 00:00;0
29-10-2019 00:15;0
29-10-2019 00:30;0
29-10-2019 00:45;0
29-10-2019 01:00;0
29-10-2019 01:15;0
29-10-2019 01:30;0
29-10-2019 01:45;0
29-10-2019 02:00;0
29-10-2019 02:15;0
29-10-2019 02:30;0
29-10-2019 02:45;0
29-10-2019 03:00;0
29-10-2019 03:15;0,00061
29-10-2019 03:30;0,00069
29-10-2019 03:45;0,02553
29-10-2019 04:00;0,05264
29-10-2019 04:15;0,07773
29-10-2019 04:30;0,14197
29-10-2019 04:45;0,23279
29-10-2019 05:00;0,27156
29-10-2019 05:15;0,25033
29-10-2019 05:30;0,22291
29-10-2019 05:45;0,18169
29-10-2019 06:00;0,16865
29-10-2019 06:15;0,17601
29-10-2019 06:30;0,13157
29-10-2019 06:45;0,07372
29-10-2019 07:00;0,01589
29-10-2019 07:15;0,02821
29-10-2019 07:30;0,029
29-10-2019 07:45;0
29-10-2019 08:00;0
29-10-2019 08:15;0
29-10-2019 08:30;0
29-10-2019 08:45;0
29-10-2019 09:00;0
29-10-2019 09:15;0
29-10-2019 09:30;0
29-10-2019 09:45;0
29-10-2019 10:00;0
29-10-2019 10:15;0
29-10-2019 10:30;0
29-10-2019 10:45;0
29-10-2019 11:00;0
29-10-2019 11:15;0
29-10-2019 11:30;0
29-10-2019 11:45;0
29-10-2019 12:00;0
29-10-2019 12:15;0
29-10-2019 12:30;0
29-10-2019 12:45;0
29-10-2019 13:00;0
29-10-2019 13:15;0
29-10-2019 13:30;0
29-10-2019 13:45;0
29-10-2019 14:00;0
29-10-2019 14:15;0
29-10-2019 14:30;0
29-10-2019 14:45;0
29-10-2019 15:00;0
29-10-2019 15:15;0
29-10-2019 15:30;0
29-10-2019 15:45;0
29-10-2019 16:00;0
29-10-2019 16:15;0
29-10-2019 16:30;0
29-10-2019 16:45;0
29-10-2019 17:00;0
29-10-2019 17:15;0
29-10-2019 17:30;0
29-10-2019 17:45;0
29-10-2019 18:00;0
29-10-2019 18:15;0
29-10-2019 18:30;0
29-10-2019 18:45;0
29-10-2019 19:00;0,00806
29-10-2019 19:15;0,00089
29-10-2019 19:30;0,01116
29-10-2019 19:45;0,06106
29-10-2019 20:00;0,07204
29-10-2019 20:15;0,05471
29-10-2019 20:30;0,01542
29-10-2019 20:45;0
29-10-2019 21:00;0
29-10-2019 21:15;0
29-10-2019 21:30;0,00188
29-10-2019 21:45;0,03538
29-10-2019 22:00;0,03166
29-10-2019 22:15;0,0044
29-10-2019 22:30;0,0354
29-10-2019 22:45;0,13614
29-10-2019 23:00;0,25971
29-10-2019 23:15;0,30079
29-10-2019 23:30;0,19512
29-10-2019 23:45;0,1904
30-10-2019 00:00;0,21463
30-10-2019 00:15;0,18714
30-10-2019 00:30;0,27818
30-10-2019 00:45;0,17067
30-10-2019 01:00;0,11422
30-10-2019 01:15;0,0808
30-10-2019 01:30;0,07165
30-10-2019 01:45;0,04088
30-10-2019 02:00;0
30-10-2019 02:15;0,00331
30-10-2019 02:30;0,04701
30-10-2019 02:45;0,13501
30-10-2019 03:00;0,14536
30-10-2019 03:15;0,17633
30-10-2019 03:30;0,17231
30-10-2019 03:45;0,18596
30-10-2019 04:00;0,2159
30-10-2019 04:15;0,1458
30-10-2019 04:30;0,11503
30-10-2019 04:45;0,08608
30-10-2019 05:00;0,21591
30-10-2019 05:15;0,26247
30-10-2019 05:30;0,24547
30-10-2019 05:45;0,33818
30-10-2019 06:00;0,25989
30-10-2019 06:15;0,17827
30-10-2019 06:30;0,196
30-10-2019 06:45;0,11685
30-10-2019 07:00;0,06531
30-10-2019 07:15;0,02996
30-10-2019 07:30;0
30-10-2019 07:45;0
30-10-2019 08:00;0
30-10-2019 08:15;0
30-10-2019 08:30;0
30-10-2019 08:45;0
30-10-2019 09:00;0
30-10-2019 09:15;0
30-10-2019 09:30;0
30-10-2019 09:45;0
30-10-2019 10:00;0
30-10-2019 10:15;0
30-10-2019 10:30;0
30-10-2019 10:45;0
30-10-2019 11:00;0
30-10-2019 11:15;0
30-10-2019 11:30;0
30-10-2019 11:45;0
30-10-2019 12:00;0
30-10-2019 12:15;0
30-10-2019 12:30;0
30-10-2019 12:45;0,09622
30-10-2019 13:00;0,14013
30-10-2019 13:15;0,02703
30-10-2019 13:30;0,00779
30-10-2019 13:45;0,00079
30-10-2019 14:00;0,00106
30-10-2019 14:15;0
30-10-2019 14:30;0,01027
30-10-2019 14:45;0,00206
30-10-2019 15:00;0
30-10-2019 15:15;0
30-10-2019 15:30;0
30-10-2019 15:45;0,00102
30-10-2019 16:00;0
30-10-2019 16:15;0
30-10-2019 16:30;0
30-10-2019 16:45;0
30-10-2019 17:00;0
30-10-2019 17:15;0,00402
30-10-2019 17:30;0,02938
30-10-2019 17:45;0,02639
30-10-2019 18:00;0
30-10-2019 18:15;0
30-10-2019 18:30;0
30-10-2019 18:45;0
30-10-2019 19:00;0
30-10-2019 19:15;0
30-10-2019 19:30;0
30-10-2019 19:45;0
30-10-2019 20:00;0
30-10-2019 20:15;0,03353
30-10-2019 20:30;0,16124
30-10-2019 20:45;0,24202
30-10-2019 21:00;0,2008
30-10-2019 21:15;0,22508
30-10-2019 21:30;0,22762
30-10-2019 21:45;0,23054
30-10-2019 22:00;0,32397
30-10-2019 22:15;0,25827
30-10-2019 22:30;0,20114
30-10-2019 22:45;0,1858
30-10-2019 23:00;0,22083
30-10-2019 23:15;0,35982
30-10-2019 23:30;0,54612
30-10-2019 23:45;0,70606
31-10-2019 00:00;0,82443
31-10-2019 00:15;0,56865
31-10-2019 00:30;0,55501
31-10-2019 00:45;0,64205
31-10-2019 01:00;0,54278
31-10-2019 01:15;0,41452
31-10-2019 01:30;0,55467
31-10-2019 01:45;0,573
31-10-2019 02:00;0,68296
31-10-2019 02:15;0,90862
31-10-2019 02:30;1,20273
31-10-2019 02:45;0,92532
31-10-2019 03:00;0,58956
31-10-2019 03:15;0,49964
31-10-2019 03:30;0,71977
31-10-2019 03:45;0,77863
31-10-2019 04:00;0,89542
31-10-2019 04:15;0,80037
31-10-2019 04:30;0,80099
31-10-2019 04:45;1,0113
31-10-2019 05:00;1,05319
31-10-2019 05:15;0,9148
31-10-2019 05:30;0,94315
31-10-2019 05:45;1,34225
31-10-2019 06:00;1,36451
31-10-2019 06:15;1,35719
31-10-2019 06:30;1,68255
31-10-2019 06:45;1,46172
31-10-2019 07:00;1,61527
31-10-2019 07:15;1,59884
31-10-2019 07:30;1,84585
31-10-2019 07:45;1,6606
31-10-2019 08:00;1,54637
31-10-2019 08:15;1,16223
31-10-2019 08:30;1,16146
31-10-2019 08:45;1,24862
31-10-2019 09:00;1,22679
31-10-2019 09:15;1,32043
31-10-2019 09:30;1,25868
31-10-2019 09:45;1,41759
31-10-2019 10:00;1,07965
31-10-2019 10:15;0,9285
31-10-2019 10:30;0,85595
31-10-2019 10:45;0,76836
31-10-2019 11:00;0,57746
31-10-2019 11:15;0,70717
31-10-2019 11:30;0,59839
31-10-2019 11:45;0,36938
31-10-2019 12:00;0,31232
31-10-2019 12:15;0,55912
31-10-2019 12:30;0,65284
31-10-2019 12:45;0,61848
31-10-2019 13:00;0,43297
31-10-2019 13:15;0,56884
31-10-2019 13:30;0,6312
31-10-2019 13:45;0,7939
31-10-2019 14:00;0,90221
31-10-2019 14:15;0,66222
31-10-2019 14:30;0,63907
31-10-2019 14:45;0,60187
31-10-2019 15:00;0,67011
31-10-2019 15:15;0,58899
31-10-2019 15:30;0,37223
31-10-2019 15:45;0,43175
31-10-2019 16:00;0,62015
31-10-2019 16:15;0,56707
31-10-2019 16:30;0,5046
31-10-2019 16:45;0,61789
31-10-2019 17:00;0,76983
31-10-2019 17:15;0,92698
31-10-2019 17:30;1,18185
31-10-2019 17:45;1,40618
31-10-2019 18:00;1,41137
31-10-2019 18:15;0,97726
31-10-2019 18:30;0,27787
31-10-2019 18:45;0,1143
31-10-2019 19:00;0,14699
31-10-2019 19:15;0,13174
31-10-2019 19:30;0,15355
31-10-2019 19:45;0,17089
31-10-2019 20:00;0,13791
31-10-2019 20:15;0,17686
31-10-2019 20:30;0,22366
31-10-2019 20:45;0,13248
31-10-2019 21:00;0,08522
31-10-2019 21:15;0,04783
31-10-2019 21:30;0
31-10-2019 21:45;0
31-10-2019 22:00;0
31-10-2019 22:15;0
31-10-2019 22:30;0
31-10-2019 22:45;0
31-10-2019 23:00;0
31-10-2019 23:15;0
31-10-2019 23:30;0
31-10-2019 23:45;0,01582
01-11-2019 00:00;0,02194
